season,division,date,home,away,home_goals,away_goals
2025,6,2025-12-06,Iran,Paraguay,20,33
2025,6,2025-12-06,Croatia,Uruguay,34,25
2025,6,2025-12-05,Czech Republic,Norway,14,37
2025,6,2025-12-05,Switzerland,Denmark,23,36
2025,6,2025-12-05,Japan,Hungary,26,26
2025,6,2025-12-05,Sweden,South Korea,32,27
2025,6,2025-12-05,Angola,Brazil,26,32
2025,6,2025-12-05,Romania,Senegal,37,17
2025,6,2025-12-04,Iceland,Spain,23,30
2025,6,2025-12-04,Netherlands,Tunisia,39,21
2025,6,2025-12-04,Cuba,Kazakhstan,29,28
2025,6,2025-12-04,France,Austria,29,17
2025,6,2025-12-04,Montenegro,Germany,18,36
2025,6,2025-12-04,Egypt,China,32,35
2025,6,2025-12-04,Argentina,Poland,25,28
2025,6,2025-12-04,Serbia,Faroe Islands,31,31
2025,6,2025-12-04,Uruguay,Paraguay,20,23
2025,6,2025-12-04,Croatia,Iran,38,9
2025,6,2025-12-03,Denmark,Senegal,40,26
2025,6,2025-12-03,Norway,Sweden,39,26
2025,6,2025-12-03,Brazil,South Korea,32,25
2025,6,2025-12-03,Hungary,Romania,34,29
2025,6,2025-12-03,Czech Republic,Angola,25,28
2025,6,2025-12-03,Japan,Switzerland,27,21
2025,6,2025-12-02,France,Poland,42,28
2025,6,2025-12-02,Germany,Faroe Islands,36,26
2025,6,2025-12-02,Netherlands,Austria,34,22
2025,6,2025-12-02,Tunisia,China,34,28
2025,6,2025-12-02,Iceland,Montenegro,27,36
2025,6,2025-12-02,Argentina,Egypt,27,14
2025,6,2025-12-02,Spain,Serbia,29,31
2025,6,2025-12-01,Denmark,Romania,39,31
2025,6,2025-12-01,Hungary,Switzerland,32,25
2025,6,2025-12-01,Norway,Angola,31,19
2025,6,2025-12-01,Sweden,Brazil,27,31
2025,6,2025-12-01,Czech Republic,Cuba,44,21
2025,6,2025-12-01,Japan,Croatia,25,19
2025,6,2025-12-01,Senegal,Iran,30,21
2025,6,2025-12-01,South Korea,Kazakhstan,35,17
2025,6,2025-11-30,Egypt,Netherlands,15,37
2025,6,2025-11-30,Austria,Argentina,27,23
2025,6,2025-11-30,China,France,21,47
2025,6,2025-11-30,Germany,Serbia,31,20
2025,6,2025-11-30,Montenegro,Spain,26,31
2025,6,2025-11-30,Faroe Islands,Paraguay,36,25
2025,6,2025-11-30,Iceland,Uruguay,33,19
2025,6,2025-11-30,Poland,Tunisia,29,26
2025,6,2025-11-29,Croatia,Denmark,24,35
2025,6,2025-11-29,Cuba,Sweden,17,46
2025,6,2025-11-29,Iran,Hungary,13,47
2025,6,2025-11-29,Kazakhstan,Norway,16,41
2025,6,2025-11-29,Angola,South Korea,34,23
2025,6,2025-11-29,Brazil,Czech Republic,28,22
2025,6,2025-11-29,Romania,Japan,31,27
2025,6,2025-11-29,Switzerland,Senegal,25,24
2025,6,2025-11-28,France,Tunisia,43,18
2025,6,2025-11-28,Netherlands,Argentina,32,25
2025,6,2025-11-28,Serbia,Iceland,27,26
2025,6,2025-11-28,Spain,Faroe Islands,25,27
2025,6,2025-11-28,Poland,China,36,20
2025,6,2025-11-28,Austria,Egypt,29,20
2025,6,2025-11-28,Paraguay,Montenegro,25,34
2025,6,2025-11-28,Uruguay,Germany,12,38
2025,6,2025-11-27,Denmark,Japan,36,19
2025,6,2025-11-27,Hungary,Senegal,26,17
2025,6,2025-11-27,Norway,South Korea,34,19
2025,6,2025-11-27,Sweden,Czech Republic,31,23
2025,6,2025-11-27,Romania,Croatia,33,24
2025,6,2025-11-27,Angola,Kazakhstan,38,20
2025,6,2025-11-27,Brazil,Cuba,41,20
2025,6,2025-11-27,Switzerland,Iran,34,9
2025,6,2025-11-26,Montenegro,Faroe Islands,32,27
2025,6,2025-11-26,Serbia,Uruguay,31,19
2025,6,2025-11-26,Germany,Iceland,32,25
2025,6,2025-11-26,Spain,Paraguay,26,17
2025,4,2025-11-23,Croatia,Poland,22,27
2025,4,2025-11-23,Romania,Austria,37,28
2025,4,2025-11-23,Czech Republic,Portugal,29,41
2025,4,2025-11-22,Poland,Senegal,27,27
2025,4,2025-11-22,Romania,Czech Republic,37,30
2025,4,2025-11-22,Sweden,Denmark,35,36
2025,4,2025-11-22,Germany,Switzerland,35,32
2025,4,2025-11-21,Croatia,Senegal,27,29
2025,4,2025-11-20,Denmark,Sweden,35,23
2025,6,2025-10-27,Italy,Luxembourg,39,20
2025,6,2025-10-27,Bosnia & Herzegovina,Belgium,27,28
2025,6,2025-10-27,Greece,Lithuania,24,25
2025,6,2025-10-26,Kosovo,Bosnia & Herzegovina,32,26
2025,6,2025-10-26,Luxembourg,Bulgaria,21,33
2025,6,2025-10-26,Finland,Israel,18,26
2025,6,2025-10-26,Great Britain,Greece,17,20
2025,6,2025-10-25,Belgium,Kosovo,28,32
2025,6,2025-10-25,Bulgaria,Italy,21,29
2025,6,2025-10-25,Lithuania,Great Britain,37,23
2025,6,2025-10-25,Israel,Estonia,29,22
2025,4,2025-09-21,Czech Republic,Norway,15,37
2025,4,2025-09-21,Croatia,Turkey,36,29
2025,4,2025-09-20,Croatia,Norway,18,31
2025,4,2025-09-20,Slovakia,Spain,21,31
2025,4,2025-09-20,Poland,Serbia,30,26
2025,4,2025-09-20,Turkey,Czech Republic,25,32
2025,4,2025-09-20,Denmark,Iceland,39,23
2025,4,2025-09-20,Hungary,Sweden,34,32
2025,4,2025-09-20,Egypt,Tunisia,24,25
2025,4,2025-09-20,Romania,France,24,30
2025,4,2025-09-19,North Macedonia,Egypt,18,19
2025,4,2025-09-19,Czech Republic,Croatia,26,25
2025,4,2025-09-19,Tunisia,Greece,26,26
2025,4,2025-09-19,Norway,Turkey,42,10
2025,4,2025-09-18,North Macedonia,Tunisia,34,27
2025,4,2025-09-18,Slovakia,Spain,25,33
2025,4,2025-09-18,Greece,Egypt,25,22
2025,4,2025-09-18,Romania,France,27,32
2025,6,2025-04-13,Romania,Italy,31,18
2025,6,2025-04-13,Serbia,Slovenia,33,31
2025,6,2025-04-13,Turkey,Austria,25,30
2025,6,2025-04-13,Ukraine,Czech Republic,27,26
2025,6,2025-04-13,Kosovo,Sweden,24,43
2025,6,2025-04-13,Slovakia,Switzerland,24,30
2025,6,2025-04-13,Lithuania,Faroe Islands,30,29
2025,6,2025-04-13,Spain,Croatia,23,17
2025,4,2025-04-12,France,Netherlands,31,28
2025,4,2025-04-12,Denmark,Germany,26,29
2025,6,2025-04-12,North Macedonia,Poland,21,23
2025,6,2025-04-12,Montenegro,Portugal,30,26
2025,4,2025-04-11,Russia,Belarus,29,21
2025,4,2025-04-10,France,Netherlands,31,25
2025,4,2025-04-10,Hungary,Brazil,31,27
2025,6,2025-04-10,Israel,Iceland,21,31
2025,6,2025-04-10,Sweden,Kosovo,51,16
2025,6,2025-04-10,Austria,Turkey,36,29
2025,6,2025-04-10,Croatia,Spain,27,26
2025,6,2025-04-10,Czech Republic,Ukraine,35,19
2025,4,2025-04-09,Germany,Denmark,31,33
2025,6,2025-04-09,Iceland,Israel,39,27
2025,6,2025-04-09,Poland,North Macedonia,22,18
2025,6,2025-04-09,Faroe Islands,Lithuania,36,26
2025,6,2025-04-09,Portugal,Montenegro,19,31
2025,6,2025-04-09,Switzerland,Slovakia,38,22
2025,6,2025-04-09,Italy,Romania,21,30
2025,6,2025-04-09,Slovenia,Serbia,29,29
2025,4,2025-03-08,Spain,Austria,32,25
2025,4,2025-03-08,France,Germany,30,29
2025,4,2025-03-08,Sweden,Romania,26,25
2025,4,2025-03-08,Hungary,Ukraine,35,16
2025,4,2025-03-06,Spain,Argentina,28,25
2025,4,2025-03-06,Sweden,Romania,36,28
2025,4,2025-03-06,Germany,France,25,28
2024,3,2024-12-15,Denmark,Norway,23,31
2024,3,2024-12-15,France,Hungary,24,25
2024,3,2024-12-13,France,Denmark,22,24
2024,3,2024-12-13,Hungary,Norway,22,30
2024,3,2024-12-13,Sweden,Netherlands,33,32
2024,3,2024-12-11,Switzerland,Norway,24,40
2024,3,2024-12-11,Denmark,Netherlands,30,26
2024,3,2024-12-11,Slovenia,Germany,16,35
2024,2,2024-12-10,South Korea,Japan,24,25
2024,2,2024-12-10,Iran,Kazakhstan,22,28
2024,3,2024-12-10,Sweden,Montenegro,25,24
2024,3,2024-12-10,Hungary,France,27,30
2024,3,2024-12-10,Romania,Poland,24,29
2024,3,2024-12-09,Denmark,Slovenia,33,26
2024,3,2024-12-09,Norway,Germany,32,27
2024,3,2024-12-09,Switzerland,Netherlands,29,37
2024,2,2024-12-08,Japan,Kazakhstan,30,23
2024,2,2024-12-08,South Korea,Iran,33,20
2024,3,2024-12-08,Sweden,France,27,31
2024,3,2024-12-08,Hungary,Romania,37,29
2024,3,2024-12-08,Montenegro,Poland,30,28
2024,1,2024-12-07,Senegal,Angola,18,27
2024,1,2024-12-07,Tunisia,Egypt,25,22
2024,3,2024-12-07,Netherlands,Norway,21,31
2024,3,2024-12-07,Denmark,Germany,30,22
2024,3,2024-12-07,Switzerland,Slovenia,25,34
2024,1,2024-12-06,Egypt,Angola,22,36
2024,1,2024-12-06,Tunisia,Senegal,18,26
2024,2,2024-12-06,South Korea,China,25,14
2024,3,2024-12-06,Hungary,Poland,31,21
2024,3,2024-12-06,France,Montenegro,31,23
2024,3,2024-12-06,Sweden,Romania,23,25
2024,3,2024-12-05,Denmark,Norway,24,27
2024,3,2024-12-05,Hungary,Montenegro,26,20
2024,3,2024-12-05,France,Romania,30,25
2024,3,2024-12-05,Netherlands,Slovenia,26,22
2024,3,2024-12-05,Sweden,Poland,33,25
2024,3,2024-12-05,Switzerland,Germany,27,36
2024,2,2024-12-04,Kazakhstan,South Korea,20,30
2024,2,2024-12-03,Japan,Iran,34,14
2024,2,2024-12-03,China,Kazakhstan,26,28
2024,3,2024-12-03,Croatia,Switzerland,22,26
2024,3,2024-12-03,Czech Republic,Montenegro,21,28
2024,3,2024-12-03,Iceland,Germany,19,30
2024,3,2024-12-03,Faroe Islands,Denmark,24,33
2024,3,2024-12-03,Serbia,Romania,25,27
2024,3,2024-12-03,Ukraine,Netherlands,23,43
2024,3,2024-12-02,Portugal,France,16,28
2024,3,2024-12-02,Slovakia,Norway,15,38
2024,3,2024-12-02,Turkey,Sweden,19,47
2024,3,2024-12-02,North Macedonia,Hungary,19,29
2024,3,2024-12-02,Poland,Spain,26,23
2024,3,2024-12-02,Slovenia,Austria,25,24
2024,3,2024-12-01,Iceland,Ukraine,27,24
2024,3,2024-12-01,Serbia,Czech Republic,24,27
2024,3,2024-12-01,Denmark,Switzerland,35,30
2024,3,2024-12-01,Montenegro,Romania,27,25
2024,3,2024-12-01,Netherlands,Germany,29,22
2024,3,2024-12-01,Croatia,Faroe Islands,17,17
2024,1,2024-11-30,Egypt,Senegal,16,21
2024,3,2024-11-30,North Macedonia,Turkey,25,25
2024,3,2024-11-30,Slovenia,Slovakia,37,24
2024,3,2024-11-30,France,Spain,24,22
2024,3,2024-11-30,Norway,Austria,38,24
2024,3,2024-11-30,Sweden,Hungary,25,32
2024,3,2024-11-30,Poland,Portugal,22,21
2024,3,2024-11-29,Denmark,Croatia,34,26
2024,3,2024-11-29,Germany,Ukraine,30,17
2024,3,2024-11-29,Montenegro,Serbia,24,18
2024,3,2024-11-29,Netherlands,Iceland,27,25
2024,3,2024-11-29,Romania,Czech Republic,29,28
2024,3,2024-11-29,Switzerland,Faroe Islands,28,25
2024,3,2024-11-28,France,Poland,35,22
2024,3,2024-11-28,Norway,Slovenia,33,26
2024,3,2024-11-28,Sweden,North Macedonia,28,18
2024,3,2024-11-28,Austria,Slovakia,37,24
2024,3,2024-11-28,Hungary,Turkey,30,24
2024,3,2024-11-28,Spain,Portugal,30,24
2024,1,2024-11-27,Angola,Tunisia,36,23
2024,4,2024-11-24,Hungary,Ukraine,38,19
2024,4,2024-11-24,Austria,Germany,26,28
2024,4,2024-11-24,Sweden,Poland,28,27
2024,4,2024-11-23,Slovakia,Ukraine,30,27
2024,4,2024-11-23,Sweden,Poland,38,22
2024,4,2024-11-22,Switzerland,Iceland,30,29
2024,4,2024-11-22,Hungary,Slovakia,38,31
2024,4,2024-11-22,Croatia,North Macedonia,26,18
2024,4,2024-10-27,Romania,Brazil,31,34
2024,4,2024-10-27,Turkey,Slovakia,31,36
2024,4,2024-10-27,Switzerland,North Macedonia,27,22
2024,4,2024-10-26,Brazil,Turkey,33,28
2024,4,2024-10-26,Iceland,Poland,28,24
2024,4,2024-10-26,France,Hungary,26,22
2024,4,2024-10-26,Romania,Switzerland,27,36
2024,4,2024-10-26,Sweden,Spain,41,28
2024,4,2024-10-26,North Macedonia,Slovakia,27,29
2024,4,2024-10-25,Iceland,Poland,30,24
2024,4,2024-10-25,Switzerland,Turkey,37,26
2024,4,2024-10-25,Austria,Czech Republic,26,25
2024,4,2024-10-25,Romania,North Macedonia,36,25
2024,4,2024-10-25,Brazil,Slovakia,34,30
2024,4,2024-10-24,France,Hungary,27,30
2024,4,2024-10-24,Sweden,Spain,40,24
2024,3,2024-10-15,Italy,Slovenia,18,31
2024,3,2024-10-15,Ukraine,Slovakia,25,20
2024,3,2024-10-15,Turkey,Serbia,29,29
2024,3,2024-10-15,Bulgaria,Montenegro,20,34
2024,3,2024-10-15,Faroe Islands,Iceland,23,28
2024,3,2024-10-15,Luxembourg,Sweden,17,39
2024,3,2024-10-15,Portugal,Czech Republic,26,30
2024,3,2024-10-15,Lithuania,North Macedonia,28,31
2024,3,2024-10-14,Kosovo,Denmark,19,40
2024,3,2024-10-14,Bosnia & Herzegovina,Croatia,17,31
2024,3,2024-10-14,Greece,Romania,20,32
2024,3,2024-10-14,Finland,Netherlands,13,31
2024,3,2024-10-12,Denmark,Kosovo,44,17
2024,3,2024-10-12,Germany,Ukraine,31,24
2024,3,2024-10-12,Netherlands,Portugal,38,27
2024,3,2024-10-12,Sweden,Faroe Islands,37,20
2024,3,2024-10-11,Iceland,Luxembourg,32,14
2024,3,2024-10-11,France,Italy,50,16
2024,3,2024-10-11,Spain,Lithuania,47,14
2024,3,2024-10-11,Croatia,Greece,32,22
2024,3,2024-10-11,Montenegro,Turkey,39,23
2024,3,2024-10-11,Serbia,Bulgaria,40,16
2024,3,2024-10-11,Czech Republic,Finland,31,21
2024,3,2024-10-11,Romania,Bosnia & Herzegovina,49,18
2024,5,2024-10-11,Angola,Senegal,22,21
2024,4,2024-09-29,Portugal,Turkey,33,26
2024,4,2024-09-29,Austria,North Macedonia,34,21
2024,4,2024-09-28,Netherlands,Serbia,26,22
2024,4,2024-09-28,Portugal,Brazil,24,23
2024,4,2024-09-28,Hungary,Romania,37,28
2024,4,2024-09-28,Austria,North Macedonia,31,25
2024,4,2024-09-28,Czech Republic,Iceland,26,21
2024,4,2024-09-28,Slovakia,Faroe Islands,23,30
2024,4,2024-09-28,Croatia,Slovenia,18,25
2024,4,2024-09-27,Turkey,Brazil,25,30
2024,4,2024-09-27,Netherlands,Serbia,40,27
2024,4,2024-09-27,Czech Republic,Poland,25,28
2024,4,2024-09-27,Slovakia,Faroe Islands,24,23
2024,4,2024-09-26,Iceland,Poland,15,26
2024,5,2024-08-23,Japan,South Korea,24,25
2024,5,2024-08-21,Kazakhstan,South Korea,24,45
2024,5,2024-08-21,China,Japan,18,35
2024,5,2024-08-20,Japan,Kazakhstan,50,28
2024,5,2024-08-18,South Korea,China,33,20
2024,5,2024-08-17,China,Kazakhstan,33,26
2024,5,2024-08-10,Norway,France,29,21
2024,5,2024-08-10,Denmark,Sweden,30,25
2024,5,2024-08-08,Norway,Denmark,25,21
2024,5,2024-08-08,Sweden,France,28,31
2024,5,2024-08-06,Norway,Brazil,32,15
2024,5,2024-08-06,Hungary,Sweden,32,36
2024,5,2024-08-06,France,Germany,26,23
2024,5,2024-08-06,Denmark,Netherlands,29,25
2024,5,2024-08-03,Denmark,South Korea,28,20
2024,5,2024-08-03,Norway,Germany,30,18
2024,5,2024-08-03,Slovenia,Sweden,23,27
2024,5,2024-08-03,Brazil,Angola,30,19
2024,5,2024-08-03,Spain,France,24,32
2024,5,2024-08-03,Hungary,Netherlands,26,30
2024,5,2024-08-01,Slovenia,Norway,22,29
2024,5,2024-08-01,Germany,Denmark,27,28
2024,5,2024-08-01,Angola,France,24,38
2024,5,2024-08-01,Spain,Hungary,24,27
2024,5,2024-08-01,South Korea,Sweden,21,27
2024,5,2024-08-01,Netherlands,Brazil,31,24
2024,5,2024-07-30,Sweden,Denmark,23,25
2024,5,2024-07-30,France,Brazil,26,20
2024,5,2024-07-30,Hungary,Angola,31,31
2024,5,2024-07-30,Netherlands,Spain,29,24
2024,5,2024-07-30,Norway,South Korea,26,20
2024,5,2024-07-30,Germany,Slovenia,41,22
2024,5,2024-07-28,France,Netherlands,32,28
2024,5,2024-07-28,Angola,Spain,26,21
2024,5,2024-07-28,Denmark,Norway,18,27
2024,5,2024-07-28,Sweden,Germany,31,28
2024,5,2024-07-28,South Korea,Slovenia,23,30
2024,5,2024-07-28,Brazil,Hungary,24,25
2024,5,2024-07-25,Norway,Sweden,28,32
2024,5,2024-07-25,Hungary,France,28,31
2024,5,2024-07-25,Germany,South Korea,22,23
2024,5,2024-07-25,Spain,Brazil,18,29
2024,5,2024-07-25,Netherlands,Angola,34,31
2024,5,2024-07-25,Slovenia,Denmark,19,27
2024,4,2024-07-21,Germany,Brazil,27,20
2024,4,2024-07-19,Germany,Hungary,30,29
2024,4,2024-07-18,Denmark,Norway,24,35
2024,4,2024-07-17,Slovenia,Brazil,23,29
2024,4,2024-07-16,Norway,Denmark,26,24
2024,4,2024-07-14,Spain,South Korea,24,19
2024,4,2024-07-13,France,Angola,33,20
2024,4,2024-07-13,Germany,Brazil,31,36
2024,4,2024-07-13,Hungary,Slovenia,28,27
2024,4,2024-07-12,Spain,South Korea,29,23
2024,4,2024-07-10,Spain,Angola,22,21
2024,4,2024-07-06,France,Norway,25,19
2024,4,2024-07-05,Sweden,Netherlands,29,30
2024,4,2024-07-04,France,Norway,22,34
2024,4,2024-04-14,France,Romania,30,28
2024,4,2024-04-14,Poland,Brazil,26,22
2024,5,2024-04-14,Hungary,Japan,37,28
2024,5,2024-04-14,Spain,Netherlands,26,27
2024,5,2024-04-14,Great Britain,Sweden,8,52
2024,5,2024-04-14,Montenegro,Slovenia,26,30
2024,5,2024-04-14,Czech Republic,Argentina,41,33
2024,5,2024-04-14,Paraguay,Germany,20,37
2024,5,2024-04-13,Slovenia,Paraguay,32,14
2024,5,2024-04-13,Germany,Montenegro,28,24
2024,5,2024-04-12,Argentina,Spain,23,26
2024,5,2024-04-12,Japan,Great Britain,43,16
2024,5,2024-04-12,Netherlands,Czech Republic,32,18
2024,5,2024-04-12,Sweden,Hungary,25,28
2024,5,2024-04-11,Netherlands,Argentina,34,22
2024,5,2024-04-11,Montenegro,Paraguay,30,25
2024,5,2024-04-11,Czech Republic,Spain,21,31
2024,5,2024-04-11,Sweden,Japan,35,28
2024,5,2024-04-11,Germany,Slovenia,31,25
2024,5,2024-04-11,Hungary,Great Britain,49,11
2024,3,2024-04-07,Croatia,Bosnia & Herzegovina,33,19
2024,3,2024-04-07,Czech Republic,Portugal,25,22
2024,3,2024-04-07,Germany,Israel,46,9
2024,3,2024-04-07,Iceland,Faroe Islands,24,20
2024,3,2024-04-07,Montenegro,Bulgaria,35,17
2024,3,2024-04-07,Netherlands,Finland,35,22
2024,3,2024-04-07,North Macedonia,Lithuania,34,24
2024,3,2024-04-07,Poland,Kosovo,28,17
2024,3,2024-04-07,Romania,Greece,31,24
2024,3,2024-04-07,Serbia,Turkey,30,22
2024,3,2024-04-07,Slovakia,Ukraine,25,25
2024,3,2024-04-07,Slovenia,Italy,35,21
2024,3,2024-04-07,Sweden,Luxembourg,47,18
2024,4,2024-04-07,Denmark,Japan,40,17
2024,3,2024-04-06,Israel,Germany,12,35
2024,4,2024-04-06,Tunisia,Senegal,25,23
2024,4,2024-04-06,Denmark,Japan,33,19
2024,3,2024-04-04,Bosnia & Herzegovina,Romania,16,37
2024,3,2024-04-04,Portugal,Netherlands,25,36
2024,3,2024-04-04,Ukraine,Germany,21,43
2024,3,2024-04-04,Kosovo,Poland,27,34
2024,3,2024-04-04,Finland,Czech Republic,23,43
2024,3,2024-04-04,Israel,Slovakia,24,35
2024,3,2024-04-03,Faroe Islands,Sweden,27,31
2024,3,2024-04-03,Luxembourg,Iceland,15,31
2024,3,2024-04-03,Italy,France,13,36
2024,3,2024-04-03,Lithuania,Spain,20,34
2024,3,2024-04-03,Greece,Croatia,13,24
2024,3,2024-04-03,Bulgaria,Serbia,17,35
2024,3,2024-04-03,Turkey,Montenegro,28,30
2024,3,2024-03-03,Portugal,Finland,38,22
2024,3,2024-03-03,Germany,Slovakia,32,18
2024,3,2024-03-03,Faroe Islands,Luxembourg,39,21
2024,3,2024-03-03,Montenegro,Serbia,26,25
2024,3,2024-03-03,Spain,North Macedonia,24,20
2024,3,2024-03-03,Croatia,Romania,23,25
2024,3,2024-03-03,France,Slovenia,41,22
2024,3,2024-03-03,Greece,Bosnia & Herzegovina,27,23
2024,3,2024-03-03,Turkey,Bulgaria,38,13
2024,3,2024-03-03,Netherlands,Czech Republic,42,25
2024,3,2024-03-02,Ukraine,Israel,32,28
2024,3,2024-03-02,Denmark,Poland,39,31
2024,3,2024-03-02,Sweden,Iceland,37,23
2024,3,2024-02-29,Israel,Ukraine,27,28
2024,3,2024-02-29,North Macedonia,Spain,19,31
2024,3,2024-02-29,Serbia,Montenegro,30,31
2024,3,2024-02-29,Slovakia,Germany,18,40
2024,3,2024-02-29,Finland,Portugal,21,28
2024,3,2024-02-29,Slovenia,France,20,35
2024,3,2024-02-28,Iceland,Sweden,24,37
2024,3,2024-02-28,Czech Republic,Netherlands,29,30
2024,3,2024-02-28,Bosnia & Herzegovina,Greece,22,24
2024,3,2024-02-28,Poland,Denmark,22,26
2024,3,2024-02-28,Luxembourg,Faroe Islands,16,34
2024,3,2024-02-28,Slovakia,Israel,31,22
2024,3,2024-02-28,Bulgaria,Turkey,24,30
2024,3,2024-02-28,Romania,Croatia,26,24
2023,6,2023-12-17,France,Norway,31,28
2023,6,2023-12-17,Sweden,Denmark,27,28
2023,6,2023-12-17,Germany,Netherlands,26,30
2023,6,2023-12-17,Czech Republic,Montenegro,24,28
2023,6,2023-12-15,Sweden,France,28,37
2023,6,2023-12-15,Denmark,Norway,28,29
2023,6,2023-12-15,Montenegro,Netherlands,25,28
2023,6,2023-12-15,Germany,Czech Republic,32,26
2023,6,2023-12-13,Denmark,Montenegro,26,24
2023,6,2023-12-13,Sweden,Germany,27,20
2023,6,2023-12-13,Paraguay,Kazakhstan,36,30
2023,6,2023-12-12,Netherlands,Norway,23,30
2023,6,2023-12-12,France,Czech Republic,33,22
2023,6,2023-12-11,Germany,Denmark,28,30
2023,6,2023-12-11,Montenegro,Sweden,25,32
2023,6,2023-12-11,Hungary,Croatia,23,22
2023,6,2023-12-11,Poland,Romania,26,27
2023,6,2023-12-11,Iceland,China,30,23
2023,6,2023-12-11,Japan,Serbia,22,20
2023,6,2023-12-11,Iran,Kazakhstan,29,33
2023,6,2023-12-10,France,Norway,24,23
2023,6,2023-12-10,Slovenia,Austria,32,27
2023,6,2023-12-10,Netherlands,Spain,29,21
2023,6,2023-12-10,Angola,South Korea,33,31
2023,6,2023-12-10,Czech Republic,Brazil,27,30
2023,6,2023-12-10,Argentina,Ukraine,25,20
2023,6,2023-12-09,Hungary,Sweden,22,26
2023,6,2023-12-09,Poland,Denmark,22,32
2023,6,2023-12-09,Serbia,Germany,21,31
2023,6,2023-12-09,Paraguay,Iceland,19,25
2023,6,2023-12-09,Romania,Japan,32,28
2023,6,2023-12-09,Senegal,Montenegro,21,29
2023,6,2023-12-08,Slovenia,Norway,21,34
2023,6,2023-12-08,Ukraine,Netherlands,21,40
2023,6,2023-12-08,Czech Republic,Spain,30,22
2023,6,2023-12-08,South Korea,France,22,32
2023,6,2023-12-08,Austria,Angola,25,30
2023,6,2023-12-08,Brazil,Argentina,33,19
2023,6,2023-12-07,Denmark,Japan,26,27
2023,6,2023-12-07,Germany,Romania,24,22
2023,6,2023-12-07,Senegal,Hungary,20,30
2023,6,2023-12-07,Montenegro,Croatia,25,26
2023,6,2023-12-07,Serbia,Poland,21,22
2023,6,2023-12-07,China,Paraguay,23,20
2023,6,2023-12-06,Netherlands,Brazil,35,27
2023,6,2023-12-06,Norway,Angola,37,19
2023,6,2023-12-06,France,Austria,41,27
2023,6,2023-12-06,Spain,Argentina,30,23
2023,6,2023-12-06,South Korea,Slovenia,27,31
2023,6,2023-12-06,Ukraine,Czech Republic,23,30
2023,6,2023-12-05,Denmark,Romania,39,23
2023,6,2023-12-05,Sweden,Croatia,22,17
2023,6,2023-12-05,China,Senegal,15,22
2023,6,2023-12-04,France,Slovenia,31,27
2023,6,2023-12-04,Germany,Poland,33,17
2023,6,2023-12-04,Montenegro,Hungary,24,18
2023,6,2023-12-04,Netherlands,Czech Republic,33,20
2023,6,2023-12-04,Angola,Iceland,26,26
2023,6,2023-12-04,Japan,Iran,42,10
2023,6,2023-12-03,Norway,South Korea,33,23
2023,6,2023-12-03,Brazil,Spain,25,27
2023,6,2023-12-03,Romania,Serbia,37,28
2023,6,2023-12-03,Senegal,Sweden,18,26
2023,6,2023-12-03,Croatia,China,39,13
2023,6,2023-12-03,Ukraine,Kazakhstan,37,24
2023,6,2023-12-02,Poland,Japan,32,30
2023,6,2023-12-02,Iceland,France,22,31
2023,6,2023-12-02,Iran,Germany,22,45
2023,6,2023-12-02,Paraguay,Montenegro,26,41
2023,6,2023-12-02,Czech Republic,Argentina,31,22
2023,6,2023-12-02,Slovenia,Angola,30,24
2023,6,2023-12-01,Austria,Norway,28,45
2023,6,2023-12-01,Denmark,Serbia,25,21
2023,6,2023-12-01,Spain,Ukraine,32,20
2023,6,2023-12-01,Sweden,China,36,24
2023,6,2023-12-01,Croatia,Senegal,22,22
2023,6,2023-12-01,Kazakhstan,Brazil,15,46
2023,6,2023-11-30,France,Angola,30,29
2023,6,2023-11-30,Hungary,Paraguay,35,12
2023,6,2023-11-30,Poland,Iran,35,15
2023,6,2023-11-30,Germany,Japan,31,30
2023,6,2023-11-30,Netherlands,Argentina,41,26
2023,6,2023-11-30,Slovenia,Iceland,30,24
2023,6,2023-11-29,Spain,Kazakhstan,34,17
2023,6,2023-11-29,Brazil,Ukraine,35,20
2023,6,2023-11-29,South Korea,Austria,29,30
2023,4,2023-11-27,Croatia,Montenegro,26,25
2023,4,2023-11-26,Sweden,Germany,30,23
2023,4,2023-11-26,Denmark,Brazil,33,16
2023,4,2023-11-26,Netherlands,Hungary,32,34
2023,4,2023-11-26,Belarus,Russia,24,34
2023,4,2023-11-26,Spain,Serbia,24,18
2023,4,2023-11-26,Japan,Argentina,29,21
2023,4,2023-11-25,Netherlands,Hungary,25,23
2023,4,2023-11-25,Spain,Argentina,26,20
2023,4,2023-11-25,Romania,Austria,41,35
2023,4,2023-11-25,Denmark,Brazil,34,24
2023,4,2023-11-25,Belarus,Russia,28,32
2023,4,2023-11-25,Serbia,Japan,22,38
2023,4,2023-11-25,Czech Republic,Slovakia,27,23
2023,4,2023-11-25,Portugal,Switzerland,32,34
2023,4,2023-11-24,Sweden,Germany,30,33
2023,4,2023-11-24,Spain,Japan,29,31
2023,4,2023-11-24,Romania,Portugal,32,22
2023,4,2023-11-24,Argentina,Serbia,18,28
2023,4,2023-11-24,Switzerland,Austria,33,34
2023,4,2023-11-23,Romania,Switzerland,33,28
2023,4,2023-11-23,Austria,Portugal,32,20
2023,6,2023-11-06,Italy,Bulgaria,33,29
2023,6,2023-11-06,Turkey,Great Britain,44,16
2023,6,2023-11-06,Israel,Iceland,24,33
2023,6,2023-11-06,Finland,Austria,28,35
2023,4,2023-11-05,Germany,Hungary,29,25
2023,6,2023-11-05,Kosovo,Faroe Islands,28,29
2023,6,2023-11-05,Great Britain,Turkey,14,39
2023,6,2023-11-05,Bosnia & Herzegovina,Greece,22,21
2023,6,2023-11-05,Iceland,Israel,34,26
2023,6,2023-11-03,Austria,Finland,37,22
2023,6,2023-11-03,Greece,Bosnia & Herzegovina,23,21
2023,6,2023-11-03,Faroe Islands,Kosovo,24,27
2023,6,2023-11-02,Luxembourg,Ukraine,11,30
2023,6,2023-11-02,Bulgaria,Italy,19,26
2023,6,2023-11-01,Ukraine,Luxembourg,36,13
2023,4,2023-10-14,Poland,Argentina,26,25
2023,4,2023-10-12,Poland,Argentina,34,26
2023,4,2023-07-29,Romania,Spain,30,25
2023,4,2023-07-27,Romania,Spain,30,30
2023,4,2023-07-22,Norway,France,18,30
2023,6,2023-04-12,Portugal,Romania,24,28
2023,6,2023-04-12,Spain,Austria,26,24
2023,6,2023-04-12,Kosovo,Poland,20,32
2023,6,2023-04-12,Hungary,Iceland,34,28
2023,6,2023-04-12,Croatia,Slovakia,31,18
2023,6,2023-04-12,Serbia,Turkey,32,25
2023,6,2023-04-12,Slovenia,Italy,33,21
2023,6,2023-04-12,Greece,Germany,20,36
2023,4,2023-04-11,France,Brazil,23,18
2023,4,2023-04-11,Denmark,Sweden,28,26
2023,6,2023-04-11,Czech Republic,Switzerland,36,27
2023,6,2023-04-11,Ukraine,North Macedonia,31,22
2023,6,2023-04-09,Germany,Greece,39,13
2023,4,2023-04-08,Norway,Montenegro,27,23
2023,6,2023-04-08,North Macedonia,Ukraine,22,24
2023,6,2023-04-08,Italy,Slovenia,25,31
2023,6,2023-04-08,Austria,Spain,28,28
2023,6,2023-04-08,Iceland,Hungary,21,25
2023,6,2023-04-08,Romania,Portugal,35,20
2023,6,2023-04-08,Switzerland,Czech Republic,31,32
2023,4,2023-04-07,France,Brazil,22,18
2023,6,2023-04-07,Slovakia,Croatia,23,25
2023,6,2023-04-07,Turkey,Serbia,24,33
2023,4,2023-04-06,Norway,Montenegro,34,25
2023,6,2023-04-06,Poland,Kosovo,36,22
2023,4,2023-04-05,Sweden,Denmark,34,30
2023,4,2023-03-05,Portugal,Spain,20,19
2023,4,2023-03-05,France,Sweden,24,22
2023,4,2023-03-05,Germany,Poland,32,30
2023,4,2023-03-04,Austria,Brazil,33,37
2023,4,2023-03-04,Hungary,Poland,29,31
2023,4,2023-03-04,Italy,Spain,22,35
2023,4,2023-03-04,Romania,Ukraine,29,23
2023,4,2023-03-04,Slovakia,Slovenia,31,25
2023,4,2023-03-04,Turkey,North Macedonia,31,30
2023,4,2023-03-03,Portugal,Italy,27,22
2023,4,2023-03-03,France,Sweden,24,18
2023,4,2023-03-03,Germany,Hungary,26,20
2023,4,2023-03-03,Romania,Ukraine,29,24
2023,4,2023-03-03,Slovakia,Slovenia,20,31
2023,4,2023-03-02,Austria,Brazil,30,35
2023,4,2023-03-02,Russia,Belarus,31,28
2023,4,2023-03-02,Turkey,North Macedonia,25,24
2022,2,2022-12-04,South Korea,Japan,34,29
2022,2,2022-12-04,China,Iran,39,24
2022,2,2022-12-02,South Korea,China,34,16
2022,2,2022-12-02,Japan,Iran,43,19
2022,2,2022-11-30,South Korea,Iran,41,11
2022,2,2022-11-30,Japan,Kazakhstan,33,21
2022,2,2022-11-25,China,Japan,26,29
2022,2,2022-11-24,China,Kazakhstan,28,26
2022,3,2022-11-20,Denmark,Norway,25,27
2022,3,2022-11-20,Montenegro,France,27,25
2022,3,2022-11-18,Norway,France,28,20
2022,3,2022-11-18,Denmark,Montenegro,27,23
2022,3,2022-11-18,Sweden,Netherlands,37,32
2022,1,2022-11-17,Angola,Senegal,24,21
2022,1,2022-11-17,Tunisia,Egypt,24,22
2022,1,2022-11-16,Egypt,Senegal,19,21
2022,1,2022-11-16,Angola,Tunisia,29,24
2022,3,2022-11-16,France,Spain,36,23
2022,3,2022-11-16,Norway,Denmark,29,31
2022,3,2022-11-16,Croatia,Sweden,27,31
2022,3,2022-11-16,Netherlands,Montenegro,42,25
2022,3,2022-11-16,Hungary,Slovenia,29,25
2022,3,2022-11-16,Romania,Germany,28,32
2022,3,2022-11-15,France,Germany,29,21
2022,3,2022-11-15,Romania,Montenegro,34,35
2022,3,2022-11-14,Hungary,Sweden,25,30
2022,3,2022-11-14,Norway,Slovenia,26,23
2022,3,2022-11-13,France,Montenegro,27,19
2022,3,2022-11-13,Netherlands,Spain,29,29
2022,3,2022-11-12,Norway,Sweden,27,25
2022,3,2022-11-12,Croatia,Denmark,17,26
2022,1,2022-11-11,Egypt,Tunisia,22,21
2022,3,2022-11-11,Romania,Spain,28,27
2022,3,2022-11-11,Netherlands,Germany,28,36
2022,3,2022-11-10,Hungary,Denmark,27,29
2022,3,2022-11-10,Croatia,Slovenia,18,26
2022,3,2022-11-09,France,Netherlands,26,24
2022,3,2022-11-09,Germany,Spain,21,23
2022,3,2022-11-09,North Macedonia,Romania,23,31
2022,3,2022-11-09,Poland,Montenegro,23,26
2022,3,2022-11-08,Denmark,Sweden,25,23
2022,3,2022-11-08,Norway,Hungary,32,22
2022,3,2022-11-08,Croatia,Switzerland,26,26
2022,3,2022-11-08,Slovenia,Serbia,27,24
2022,3,2022-11-07,Romania,France,21,35
2022,3,2022-11-07,Spain,Poland,21,22
2022,3,2022-11-07,Germany,Montenegro,25,29
2022,3,2022-11-07,North Macedonia,Netherlands,15,30
2022,3,2022-11-06,Serbia,Denmark,21,34
2022,3,2022-11-06,Switzerland,Norway,21,38
2022,3,2022-11-06,Croatia,Hungary,21,18
2022,3,2022-11-06,Slovenia,Sweden,22,33
2022,3,2022-11-05,Netherlands,Romania,29,28
2022,3,2022-11-05,Poland,Germany,23,25
2022,3,2022-11-05,France,North Macedonia,24,14
2022,3,2022-11-05,Montenegro,Spain,30,23
2022,3,2022-11-04,Norway,Croatia,32,23
2022,3,2022-11-04,Sweden,Serbia,27,21
2022,3,2022-11-04,Denmark,Slovenia,26,28
2022,3,2022-11-04,Hungary,Switzerland,33,28
2022,4,2022-11-02,Germany,Romania,29,29
2022,4,2022-11-01,Czech Republic,Egypt,37,24
2022,4,2022-10-31,Hungary,Germany,20,31
2022,4,2022-10-30,France,Poland,30,19
2022,4,2022-10-30,Sweden,Czech Republic,26,26
2022,4,2022-10-30,Spain,Switzerland,37,26
2022,4,2022-10-30,Tunisia,Egypt,27,24
2022,4,2022-10-29,Montenegro,Slovakia,33,24
2022,4,2022-10-29,Spain,Egypt,34,23
2022,4,2022-10-29,Hungary,Romania,33,28
2022,4,2022-10-29,Slovenia,Croatia,22,23
2022,4,2022-10-29,Switzerland,Tunisia,41,31
2022,4,2022-10-28,France,Poland,33,26
2022,4,2022-10-28,Spain,Tunisia,39,29
2022,4,2022-10-28,Egypt,Switzerland,28,37
2022,4,2022-10-28,Sweden,Czech Republic,36,20
2022,4,2022-10-28,Montenegro,Slovakia,37,20
2022,3,2022-10-10,Germany,Belarus,24,24
2022,3,2022-10-10,Slovakia,Hungary,28,30
2022,3,2022-10-10,Austria,Romania,33,33
2022,3,2022-10-10,Iceland,Serbia,23,21
2022,3,2022-10-10,Portugal,Spain,22,23
2022,3,2022-10-10,Czech Republic,Croatia,24,26
2022,3,2022-10-10,Faroe Islands,Denmark,19,39
2022,3,2022-10-10,Turkey,Sweden,23,31
2022,3,2022-10-10,Ukraine,France,25,28
2022,3,2022-10-10,Greece,Netherlands,14,35
2022,3,2022-10-10,Switzerland,Poland,22,31
2022,3,2022-10-09,Lithuania,Russia,21,35
2022,3,2022-10-07,Germany,Greece,36,10
2022,3,2022-10-07,Denmark,Austria,27,22
2022,3,2022-10-07,Sweden,Iceland,30,17
2022,3,2022-10-07,Croatia,Ukraine,22,23
2022,3,2022-10-06,France,Czech Republic,38,22
2022,3,2022-10-06,Spain,Slovakia,33,28
2022,3,2022-10-06,Russia,Switzerland,26,22
2022,3,2022-10-06,Hungary,Portugal,34,24
2022,3,2022-10-06,Netherlands,Belarus,38,27
2022,3,2022-10-06,Poland,Lithuania,36,22
2022,3,2022-10-06,Serbia,Turkey,36,27
2022,3,2022-10-06,Romania,Faroe Islands,26,19
2022,4,2022-10-02,France,Germany,30,29
2022,4,2022-10-01,Romania,Spain,25,23
2022,4,2022-10-01,Slovenia,Hungary,21,19
2022,4,2022-10-01,Slovakia,Ukraine,32,24
2022,4,2022-10-01,Serbia,Austria,30,29
2022,4,2022-10-01,Sweden,Brazil,33,30
2022,4,2022-09-30,France,Germany,34,31
2022,4,2022-09-30,Romania,Serbia,26,20
2022,4,2022-09-30,Slovakia,Ukraine,29,30
2022,4,2022-09-30,Austria,Spain,27,32
2022,4,2022-09-29,Romania,Austria,32,32
2022,4,2022-09-29,Slovenia,Hungary,22,22
2022,4,2022-09-29,Sweden,Brazil,31,25
2022,4,2022-09-29,Serbia,Spain,30,28
2022,4,2022-06-09,Denmark,Slovenia,38,30
2022,3,2022-06-06,Faroe Islands,Israel,29,25
2022,3,2022-06-06,Greece,Italy,33,22
2022,3,2022-06-05,Portugal,Kosovo,30,17
2022,3,2022-06-05,Israel,Finland,24,28
2022,3,2022-06-05,Bosnia & Herzegovina,Italy,25,22
2022,3,2022-06-04,Finland,Faroe Islands,19,21
2022,3,2022-06-04,Luxembourg,Kosovo,27,33
2022,3,2022-06-04,Greece,Bosnia & Herzegovina,29,18
2022,3,2022-06-03,Portugal,Luxembourg,38,14
2022,3,2022-04-24,Spain,Portugal,31,21
2022,3,2022-04-24,Croatia,Czech Republic,33,30
2022,3,2022-04-24,Romania,Austria,38,29
2022,3,2022-04-24,Poland,Switzerland,31,26
2022,3,2022-04-24,Belarus,Germany,0,10
2022,3,2022-04-24,Netherlands,Greece,40,11
2022,3,2022-04-24,Hungary,Slovakia,25,19
2022,3,2022-04-23,France,Ukraine,27,18
2022,3,2022-04-23,Sweden,Turkey,33,21
2022,3,2022-04-23,Serbia,Iceland,28,22
2022,3,2022-04-23,Russia,Lithuania,0,10
2022,3,2022-04-23,Denmark,Faroe Islands,26,15
2022,4,2022-04-22,China,Belarus,22,37
2022,3,2022-04-21,Portugal,Hungary,18,30
2022,3,2022-04-21,Greece,Germany,11,40
2022,3,2022-04-21,Belarus,Netherlands,0,10
2022,3,2022-04-20,Iceland,Sweden,23,29
2022,3,2022-04-20,Austria,Denmark,22,38
2022,3,2022-04-20,Czech Republic,France,31,30
2022,3,2022-04-20,Faroe Islands,Romania,21,31
2022,3,2022-04-20,Slovakia,Spain,20,29
2022,3,2022-04-20,Switzerland,Russia,10,0
2022,3,2022-04-20,Lithuania,Poland,27,40
2022,3,2022-04-20,Ukraine,Croatia,19,26
2022,3,2022-04-20,Turkey,Serbia,30,36
2022,3,2022-03-06,France,Croatia,27,19
2022,3,2022-03-06,Iceland,Turkey,29,22
2022,3,2022-03-06,Switzerland,Lithuania,34,18
2022,3,2022-03-06,Belarus,Greece,0,10
2022,3,2022-03-06,Slovakia,Portugal,21,23
2022,3,2022-03-06,Russia,Poland,0,10
2022,3,2022-03-05,Spain,Hungary,27,30
2022,3,2022-03-05,Ukraine,Czech Republic,5,5
2022,3,2022-03-05,Austria,Faroe Islands,26,22
2022,3,2022-03-05,Sweden,Serbia,33,25
2022,3,2022-03-05,Denmark,Romania,32,27
2022,3,2022-03-05,Netherlands,Germany,30,29
2022,3,2022-03-04,Czech Republic,Ukraine,5,5
2022,3,2022-03-03,Portugal,Slovakia,24,21
2022,3,2022-03-03,Germany,Netherlands,25,31
2022,3,2022-03-03,Croatia,France,19,21
2022,3,2022-03-03,Lithuania,Switzerland,30,36
2022,3,2022-03-03,Poland,Russia,10,0
2022,3,2022-03-03,Serbia,Sweden,24,21
2022,3,2022-03-02,Faroe Islands,Austria,24,29
2022,3,2022-03-02,Hungary,Spain,28,30
2022,3,2022-03-02,Romania,Denmark,28,35
2022,3,2022-03-02,Greece,Belarus,10,0
2022,3,2022-03-02,Turkey,Iceland,30,29
2021,6,2021-12-19,France,Norway,22,29
2021,6,2021-12-19,Denmark,Spain,35,28
2021,6,2021-12-17,Norway,Spain,27,21
2021,6,2021-12-17,France,Denmark,23,22
2021,6,2021-12-15,France,Sweden,31,26
2021,6,2021-12-15,Angola,Slovakia,23,21
2021,6,2021-12-14,Spain,Germany,26,21
2021,6,2021-12-14,Denmark,Brazil,30,25
2021,6,2021-12-13,Netherlands,Norway,34,37
2021,6,2021-12-13,Serbia,Slovenia,31,25
2021,6,2021-12-13,Sweden,Romania,34,30
2021,6,2021-12-13,Poland,Montenegro,33,28
2021,6,2021-12-12,Denmark,Germany,32,16
2021,6,2021-12-12,Spain,Brazil,27,24
2021,6,2021-12-12,Austria,Croatia,27,23
2021,6,2021-12-12,South Korea,Hungary,28,35
2021,6,2021-12-12,Tunisia,Paraguay,35,28
2021,6,2021-12-12,Argentina,Japan,27,31
2021,6,2021-12-12,China,Slovakia,0,10
2021,6,2021-12-11,Slovenia,Poland,26,27
2021,6,2021-12-11,Sweden,Norway,30,30
2021,6,2021-12-11,Kazakhstan,Netherlands,15,61
2021,6,2021-12-11,Serbia,France,19,22
2021,6,2021-12-11,Angola,Iran,41,8
2021,6,2021-12-10,Croatia,Spain,23,27
2021,6,2021-12-10,Czech Republic,Denmark,14,29
2021,6,2021-12-10,Japan,Austria,32,30
2021,6,2021-12-10,Tunisia,China,10,0
2021,6,2021-12-10,Argentina,Brazil,19,24
2021,6,2021-12-10,South Korea,Germany,28,37
2021,6,2021-12-10,Slovakia,Paraguay,33,27
2021,6,2021-12-09,France,Poland,26,16
2021,6,2021-12-09,Kazakhstan,Sweden,20,55
2021,6,2021-12-09,Montenegro,Serbia,25,27
2021,6,2021-12-09,Netherlands,Romania,31,30
2021,6,2021-12-08,Denmark,Hungary,30,19
2021,6,2021-12-08,Spain,Japan,28,26
2021,6,2021-12-08,Brazil,Austria,38,31
2021,6,2021-12-08,Paraguay,China,30,24
2021,6,2021-12-08,Croatia,Argentina,28,22
2021,6,2021-12-08,Czech Republic,South Korea,26,32
2021,6,2021-12-08,Slovakia,Tunisia,31,27
2021,6,2021-12-07,France,Montenegro,24,19
2021,6,2021-12-07,Netherlands,Sweden,31,31
2021,6,2021-12-07,Norway,Romania,33,22
2021,6,2021-12-07,Angola,Slovenia,25,25
2021,6,2021-12-07,Kazakhstan,Iran,31,25
2021,6,2021-12-06,Croatia,Japan,26,28
2021,6,2021-12-06,Denmark,South Korea,35,23
2021,6,2021-12-06,Germany,Hungary,25,24
2021,6,2021-12-06,Spain,Austria,31,19
2021,6,2021-12-06,Argentina,China,36,24
2021,6,2021-12-06,Brazil,Paraguay,33,19
2021,6,2021-12-06,Czech Republic,Slovakia,24,23
2021,6,2021-12-05,Iran,Norway,9,41
2021,6,2021-12-05,Montenegro,Angola,30,20
2021,6,2021-12-05,Romania,Kazakhstan,38,17
2021,6,2021-12-05,Slovenia,France,18,29
2021,6,2021-12-04,China,Spain,18,33
2021,6,2021-12-04,Hungary,Czech Republic,32,29
2021,6,2021-12-04,Japan,Brazil,25,29
2021,6,2021-12-04,Austria,Argentina,29,31
2021,6,2021-12-04,Paraguay,Croatia,16,38
2021,6,2021-12-04,Slovakia,Germany,22,36
2021,6,2021-12-04,South Korea,Tunisia,31,29
2021,6,2021-12-03,Montenegro,Slovenia,18,28
2021,6,2021-12-03,Norway,Kazakhstan,46,18
2021,6,2021-12-03,Serbia,Poland,25,21
2021,6,2021-12-03,France,Angola,30,20
2021,6,2021-12-03,Romania,Iran,39,11
2021,6,2021-12-02,Denmark,Tunisia,35,16
2021,6,2021-12-02,Hungary,Slovakia,35,29
2021,6,2021-12-02,Japan,Paraguay,40,17
2021,6,2021-12-02,Austria,China,38,27
2021,6,2021-12-02,Croatia,Brazil,25,30
2021,6,2021-12-02,Germany,Czech Republic,31,21
2021,6,2021-12-01,Spain,Argentina,29,13
2021,4,2021-11-29,Serbia,North Macedonia,20,19
2021,4,2021-11-28,France,Hungary,29,28
2021,4,2021-11-28,Denmark,Ukraine,35,20
2021,4,2021-11-28,Sweden,Montenegro,38,24
2021,4,2021-11-28,Spain,Germany,23,22
2021,4,2021-11-28,Slovakia,Poland,24,35
2021,4,2021-11-27,Austria,Portugal,30,31
2021,4,2021-11-27,Spain,Poland,32,25
2021,4,2021-11-27,Serbia,North Macedonia,33,25
2021,4,2021-11-27,Germany,Slovakia,32,25
2021,4,2021-11-27,Czech Republic,Iceland,27,25
2021,4,2021-11-27,Denmark,Ukraine,35,18
2021,4,2021-11-26,Spain,Slovakia,35,15
2021,4,2021-11-26,France,Hungary,33,28
2021,4,2021-11-26,Switzerland,Iceland,22,30
2021,4,2021-11-26,Poland,Germany,27,31
2021,4,2021-11-26,Sweden,Montenegro,38,24
2021,4,2021-11-25,Austria,Portugal,25,26
2021,4,2021-11-07,Germany,Russia,28,27
2021,2,2021-09-25,Iran,Kazakhstan,33,38
2021,2,2021-09-25,South Korea,Japan,33,24
2021,2,2021-09-23,Japan,Kazakhstan,38,24
2021,2,2021-09-23,South Korea,Iran,46,21
2021,2,2021-09-21,Kazakhstan,South Korea,20,40
2021,2,2021-09-15,Japan,Iran,23,20
2021,4,2021-07-22,France,Montenegro,32,31
2021,4,2021-07-20,Norway,Sweden,32,25
2021,4,2021-07-19,Japan,France,20,41
2021,4,2021-07-12,Hungary,Brazil,24,23
2021,4,2021-07-11,Spain,Romania,32,19
2021,4,2021-07-09,Hungary,Brazil,34,31
2021,4,2021-07-06,France,Norway,28,28
2021,4,2021-07-06,Hungary,Montenegro,28,22
2021,4,2021-07-04,France,Norway,21,30
2021,4,2021-07-04,Netherlands,Sweden,23,28
2021,4,2021-07-03,Sweden,Russia,31,28
2021,4,2021-07-02,Netherlands,Russia,30,29
2021,1,2021-06-16,Tunisia,Angola,23,27
2021,1,2021-06-13,Senegal,Tunisia,13,30
2021,6,2021-04-21,Iceland,Slovenia,21,21
2021,6,2021-04-21,Sweden,Ukraine,22,26
2021,6,2021-04-21,Serbia,Slovakia,32,25
2021,6,2021-04-21,North Macedonia,Romania,20,35
2021,6,2021-04-20,Switzerland,Czech Republic,22,28
2021,6,2021-04-20,Russia,Turkey,45,24
2021,6,2021-04-20,Poland,Austria,26,29
2021,6,2021-04-20,Germany,Portugal,34,23
2021,6,2021-04-20,Belarus,Montenegro,24,26
2021,6,2021-04-18,Italy,Hungary,12,41
2021,4,2021-04-17,Denmark,Spain,27,23
2021,6,2021-04-17,Portugal,Germany,27,32
2021,6,2021-04-17,Czech Republic,Switzerland,27,27
2021,6,2021-04-17,Slovakia,Serbia,19,26
2021,6,2021-04-17,Slovenia,Iceland,24,14
2021,6,2021-04-17,Romania,North Macedonia,33,22
2021,6,2021-04-17,Ukraine,Sweden,14,28
2021,4,2021-04-16,Croatia,Brazil,24,21
2021,6,2021-04-16,Austria,Poland,29,29
2021,6,2021-04-16,Montenegro,Belarus,29,23
2021,6,2021-04-16,Turkey,Russia,23,35
2021,6,2021-04-16,Hungary,Italy,46,19
2021,4,2021-04-15,Denmark,Spain,30,27
2021,4,2021-04-15,Netherlands,Brazil,19,25
2021,4,2021-04-14,Croatia,Netherlands,24,23
2021,4,2021-04-14,Belarus,Ukraine,29,21
2021,4,2021-04-13,Belarus,Ukraine,24,27
2021,6,2021-03-21,Iceland,Lithuania,33,23
2021,6,2021-03-21,Luxembourg,Slovakia,17,37
2021,6,2021-03-21,Greece,North Macedonia,19,20
2021,6,2021-03-21,Austria,Italy,37,22
2021,6,2021-03-21,Ukraine,Israel,31,24
2021,6,2021-03-21,Belarus,Switzerland,25,25
2021,4,2021-03-20,France,Denmark,24,23
2021,6,2021-03-20,Iceland,Greece,31,19
2021,6,2021-03-20,Italy,Kosovo,24,22
2021,6,2021-03-20,Ukraine,Luxembourg,28,21
2021,6,2021-03-20,North Macedonia,Lithuania,31,21
2021,6,2021-03-20,Slovakia,Israel,37,19
2021,6,2021-03-20,Switzerland,Faroe Islands,26,18
2021,4,2021-03-19,Poland,Czech Republic,28,28
2021,6,2021-03-19,Israel,Luxembourg,22,18
2021,6,2021-03-19,Lithuania,Greece,27,26
2021,6,2021-03-19,Kosovo,Austria,20,26
2021,6,2021-03-19,North Macedonia,Iceland,24,17
2021,6,2021-03-19,Slovakia,Ukraine,31,28
2021,6,2021-03-19,Faroe Islands,Belarus,13,21
2021,4,2021-03-18,France,Denmark,26,22
2021,4,2021-03-18,Poland,Czech Republic,24,21
2020,3,2020-12-20,France,Norway,20,22
2020,3,2020-12-20,Croatia,Denmark,25,19
2020,3,2020-12-18,Norway,Denmark,27,24
2020,3,2020-12-18,France,Croatia,30,19
2020,3,2020-12-18,Russia,Netherlands,33,27
2020,3,2020-12-15,Denmark,Russia,30,23
2020,3,2020-12-15,Hungary,Norway,21,32
2020,3,2020-12-15,Croatia,Germany,23,20
2020,3,2020-12-15,France,Sweden,31,25
2020,3,2020-12-15,Montenegro,Spain,26,26
2020,3,2020-12-15,Netherlands,Romania,35,24
2020,3,2020-12-14,Hungary,Romania,26,24
2020,3,2020-12-14,Netherlands,Germany,28,27
2020,3,2020-12-13,Denmark,Spain,34,24
2020,3,2020-12-13,Montenegro,Sweden,31,25
2020,3,2020-12-12,Croatia,Norway,25,36
2020,3,2020-12-12,Hungary,Germany,25,32
2020,3,2020-12-11,Denmark,Sweden,24,22
2020,3,2020-12-11,France,Russia,28,28
2020,3,2020-12-10,France,Spain,26,25
2020,3,2020-12-10,Netherlands,Norway,25,32
2020,3,2020-12-10,Croatia,Romania,25,20
2020,3,2020-12-10,Montenegro,Russia,23,24
2020,3,2020-12-08,France,Denmark,23,20
2020,3,2020-12-08,Netherlands,Hungary,28,24
2020,3,2020-12-08,Montenegro,Slovenia,26,25
2020,3,2020-12-08,Serbia,Croatia,24,25
2020,3,2020-12-07,Romania,Norway,20,28
2020,3,2020-12-07,Russia,Sweden,30,26
2020,3,2020-12-07,Germany,Poland,21,21
2020,3,2020-12-07,Spain,Czech Republic,27,24
2020,3,2020-12-06,Montenegro,Denmark,19,28
2020,3,2020-12-06,Croatia,Netherlands,27,25
2020,3,2020-12-06,Slovenia,France,17,27
2020,3,2020-12-06,Serbia,Hungary,26,38
2020,3,2020-12-05,Netherlands,Serbia,25,29
2020,3,2020-12-05,Spain,Sweden,23,23
2020,3,2020-12-05,Czech Republic,Russia,22,24
2020,3,2020-12-05,Germany,Norway,23,42
2020,3,2020-12-05,Poland,Romania,24,28
2020,3,2020-12-04,Denmark,Slovenia,30,23
2020,3,2020-12-04,France,Montenegro,24,23
2020,3,2020-12-04,Hungary,Croatia,22,24
2020,3,2020-12-03,Norway,Poland,35,22
2020,3,2020-12-03,Sweden,Czech Republic,27,23
2020,3,2020-12-03,Russia,Spain,31,22
2020,3,2020-12-03,Romania,Germany,19,22
2020,4,2020-11-29,Sweden,Hungary,31,25
2020,4,2020-11-29,Spain,Slovakia,24,22
2020,4,2020-11-28,Sweden,Hungary,27,28
2020,4,2020-11-27,Spain,Slovakia,32,21
2020,4,2020-11-26,Denmark,Norway,26,29
2020,4,2020-11-25,Denmark,Norway,25,27
2020,4,2020-10-03,Sweden,Poland,27,21
2020,4,2020-10-03,Germany,Netherlands,26,32
2020,4,2020-10-01,Germany,Netherlands,27,25
2020,4,2020-10-01,Sweden,Poland,21,19
2020,3,2020-09-29,Austria,Spain,22,28
2020,3,2020-09-29,Kosovo,Germany,15,34
2020,3,2020-09-29,Faroe Islands,Romania,20,25
2020,3,2020-09-29,Iceland,France,17,23
2020,3,2020-09-29,Italy,Hungary,10,30
2020,3,2020-09-29,Slovakia,Serbia,26,27
2020,3,2020-09-29,Switzerland,Russia,26,35
2020,3,2020-09-29,Turkey,Croatia,21,30
2020,3,2020-09-29,Greece,Netherlands,18,43
2020,3,2020-09-29,Lithuania,Montenegro,24,32
2020,3,2020-09-29,Belarus,Slovenia,29,31
2020,5,2020-09-29,Senegal,Angola,14,22
2020,5,2020-09-29,China,South Korea,20,32
2020,3,2020-09-28,North Macedonia,Czech Republic,29,37
2020,3,2020-09-28,Ukraine,Poland,26,27
2020,3,2020-09-28,Portugal,Sweden,19,38
2020,5,2020-09-27,Kazakhstan,China,19,26
2020,3,2020-09-26,Spain,Greece,33,18
2020,3,2020-09-26,Netherlands,Austria,32,24
2020,3,2020-09-26,Sweden,North Macedonia,35,26
2020,3,2020-09-26,Slovenia,Kosovo,32,23
2020,3,2020-09-25,Poland,Faroe Islands,28,16
2020,3,2020-09-25,Czech Republic,Portugal,31,20
2020,3,2020-09-25,France,Turkey,38,17
2020,3,2020-09-25,Hungary,Lithuania,33,19
2020,3,2020-09-25,Germany,Belarus,40,30
2020,3,2020-09-25,Russia,Slovakia,34,15
2020,3,2020-09-25,Croatia,Iceland,29,8
2020,3,2020-09-25,Montenegro,Italy,41,17
2020,3,2020-09-25,Serbia,Switzerland,35,23
2020,3,2020-09-25,Romania,Ukraine,27,24
2020,5,2020-09-24,South Korea,Kazakhstan,29,25
2020,5,2020-08-08,Norway,Sweden,36,19
2020,5,2020-08-06,France,Sweden,29,27
2020,5,2020-08-04,France,Netherlands,32,22
2020,5,2020-08-04,Sweden,South Korea,39,30
2020,5,2020-08-04,Norway,Hungary,26,22
2020,5,2020-08-02,Norway,Japan,37,25
2020,5,2020-08-02,Netherlands,Montenegro,30,29
2020,5,2020-08-02,Hungary,Sweden,26,23
2020,5,2020-08-02,France,Brazil,29,22
2020,5,2020-08-02,South Korea,Angola,31,31
2020,5,2020-07-31,Norway,Netherlands,29,27
2020,5,2020-07-31,Hungary,Spain,29,25
2020,5,2020-07-31,Brazil,Sweden,31,34
2020,5,2020-07-31,Montenegro,South Korea,28,26
2020,5,2020-07-31,Angola,Japan,28,25
2020,5,2020-07-29,Sweden,France,28,28
2020,5,2020-07-29,Montenegro,Norway,23,35
2020,5,2020-07-29,Japan,South Korea,24,27
2020,5,2020-07-29,Spain,Brazil,27,23
2020,5,2020-07-29,Netherlands,Angola,37,28
2020,5,2020-07-27,France,Spain,25,28
2020,5,2020-07-27,Angola,Norway,21,30
2020,5,2020-07-27,South Korea,Netherlands,36,43
2020,5,2020-07-27,Brazil,Hungary,33,27
2020,5,2020-07-27,Japan,Montenegro,29,26
2020,5,2020-07-25,Hungary,France,29,30
2020,5,2020-07-25,Spain,Sweden,24,31
2020,5,2020-07-25,Norway,South Korea,39,27
2020,5,2020-07-25,Montenegro,Angola,33,22
2020,5,2020-07-25,Netherlands,Japan,32,21
2020,3,2020-06-02,Greece,Luxembourg,27,14
2020,3,2020-06-02,Israel,Finland,26,26
2020,3,2020-06-01,Greece,Finland,31,14
2020,3,2020-06-01,Luxembourg,Israel,24,33
2020,3,2020-05-31,Israel,Greece,21,28
2020,3,2020-05-31,Finland,Luxembourg,24,27
2020,5,2020-03-21,Hungary,Russia,23,29
2020,5,2020-03-21,Argentina,Spain,16,31
2020,5,2020-03-21,Serbia,Kazakhstan,42,30
2020,5,2020-03-21,Montenegro,Romania,25,28
2020,5,2020-03-20,Russia,Kazakhstan,33,26
2020,5,2020-03-20,Norway,Romania,29,24
2020,5,2020-03-20,Sweden,Argentina,34,21
2020,5,2020-03-20,Serbia,Hungary,23,31
2020,5,2020-03-19,Spain,Sweden,28,28
2020,5,2020-03-19,Russia,Serbia,29,24
2020,5,2020-03-19,Norway,Montenegro,23,28
2020,5,2020-03-19,Kazakhstan,Hungary,19,46
2019,6,2019-12-15,Spain,Netherlands,29,30
2019,6,2019-12-15,Norway,Russia,28,33
2019,6,2019-12-13,Norway,Spain,22,28
2019,6,2019-12-13,Russia,Netherlands,32,33
2019,6,2019-12-13,Germany,Sweden,24,35
2019,6,2019-12-13,Serbia,Montenegro,26,28
2019,6,2019-12-11,Montenegro,Sweden,26,23
2019,6,2019-12-11,Norway,Germany,32,29
2019,6,2019-12-11,Romania,Japan,20,37
2019,6,2019-12-11,Serbia,Denmark,26,26
2019,6,2019-12-11,Netherlands,South Korea,40,33
2019,6,2019-12-11,Spain,Russia,26,36
2019,6,2019-12-10,Sweden,Romania,34,22
2019,6,2019-12-10,Japan,Spain,31,33
2019,6,2019-12-10,Russia,Montenegro,35,28
2019,6,2019-12-09,South Korea,Norway,25,36
2019,6,2019-12-09,Denmark,Netherlands,27,24
2019,6,2019-12-09,France,Hungary,26,21
2019,6,2019-12-09,Brazil,Senegal,22,18
2019,6,2019-12-09,Germany,Serbia,28,29
2019,6,2019-12-09,Argentina,Angola,27,30
2019,6,2019-12-09,Cuba,Kazakhstan,33,31
2019,6,2019-12-08,Norway,Denmark,22,19
2019,6,2019-12-08,Spain,Sweden,28,28
2019,6,2019-12-08,Montenegro,Japan,30,26
2019,6,2019-12-08,Netherlands,Germany,23,25
2019,6,2019-12-08,Romania,Russia,18,27
2019,6,2019-12-08,Serbia,South Korea,36,33
2019,6,2019-12-08,Slovenia,Brazil,19,32
2019,6,2019-12-08,Angola,France,17,28
2019,6,2019-12-08,Hungary,Argentina,34,26
2019,6,2019-12-08,Kazakhstan,China,29,23
2019,6,2019-12-06,France,Denmark,18,20
2019,6,2019-12-06,Netherlands,Norway,30,28
2019,6,2019-12-06,Russia,Sweden,30,22
2019,6,2019-12-06,Germany,South Korea,27,27
2019,6,2019-12-06,Romania,Hungary,28,27
2019,6,2019-12-06,Angola,Cuba,40,30
2019,6,2019-12-06,Japan,China,35,18
2019,6,2019-12-06,Montenegro,Spain,26,27
2019,6,2019-12-06,Senegal,Kazakhstan,30,20
2019,6,2019-12-06,Serbia,Slovenia,29,27
2019,6,2019-12-05,Norway,Angola,30,24
2019,6,2019-12-05,Sweden,Argentina,30,23
2019,6,2019-12-05,Japan,Russia,23,33
2019,6,2019-12-05,Serbia,Netherlands,23,36
2019,6,2019-12-05,Cuba,Slovenia,26,39
2019,6,2019-12-04,Denmark,Brazil,24,18
2019,6,2019-12-04,Germany,France,25,27
2019,6,2019-12-04,Hungary,Senegal,30,20
2019,6,2019-12-04,Kazakhstan,Spain,16,43
2019,6,2019-12-04,Montenegro,Romania,27,26
2019,6,2019-12-03,Denmark,Germany,25,26
2019,6,2019-12-03,Norway,Serbia,28,25
2019,6,2019-12-03,Sweden,Japan,34,26
2019,6,2019-12-03,Romania,Kazakhstan,22,20
2019,6,2019-12-03,Slovenia,Angola,24,33
2019,6,2019-12-03,China,Argentina,28,34
2019,6,2019-12-03,Hungary,Montenegro,24,25
2019,6,2019-12-03,Netherlands,Cuba,51,23
2019,6,2019-12-03,South Korea,Brazil,33,27
2019,6,2019-12-03,Spain,Senegal,29,20
2019,6,2019-12-02,China,Sweden,19,32
2019,6,2019-12-02,Slovenia,Norway,20,36
2019,6,2019-12-02,Angola,Netherlands,28,35
2019,6,2019-12-02,Argentina,Russia,22,35
2019,6,2019-12-02,Cuba,Serbia,27,46
2019,6,2019-12-02,Turkey,North Macedonia,23,30
2019,6,2019-12-02,Slovakia,Kosovo,40,15
2019,6,2019-12-02,Ukraine,Israel,35,25
2019,6,2019-12-02,Switzerland,Faroe Islands,23,19
2019,6,2019-12-02,Lithuania,Finland,34,25
2019,6,2019-12-01,South Korea,Denmark,26,26
2019,6,2019-12-01,Senegal,Romania,24,29
2019,6,2019-12-01,Spain,Hungary,29,25
2019,6,2019-12-01,Brazil,France,19,19
2019,6,2019-12-01,Kazakhstan,Montenegro,21,30
2019,6,2019-12-01,Finland,Switzerland,10,21
2019,6,2019-12-01,Iceland,North Macedonia,21,29
2019,6,2019-12-01,Israel,Slovakia,20,24
2019,6,2019-12-01,Lithuania,Faroe Islands,21,25
2019,6,2019-12-01,Ukraine,Kosovo,44,19
2019,6,2019-11-30,Norway,Cuba,47,16
2019,6,2019-11-30,France,South Korea,27,29
2019,6,2019-11-30,Hungary,Kazakhstan,39,15
2019,6,2019-11-30,Netherlands,Slovenia,26,32
2019,6,2019-11-30,Romania,Spain,16,31
2019,6,2019-11-30,Russia,China,26,11
2019,6,2019-11-30,Germany,Brazil,30,24
2019,6,2019-11-30,Japan,Argentina,24,20
2019,6,2019-11-30,Montenegro,Senegal,29,25
2019,6,2019-11-30,Serbia,Angola,32,25
2019,6,2019-11-30,Turkey,Iceland,23,36
2019,6,2019-11-30,Switzerland,Lithuania,21,20
2019,6,2019-11-30,Slovakia,Ukraine,36,32
2019,6,2019-11-30,Faroe Islands,Finland,19,22
2019,6,2019-11-30,Kosovo,Israel,25,28
2019,4,2019-11-26,Finland,Slovakia,25,37
2019,4,2019-11-26,Romania,Netherlands,23,32
2019,4,2019-11-25,Italy,Turkey,26,28
2019,4,2019-11-25,North Macedonia,Kosovo,30,27
2019,4,2019-11-25,South Korea,Russia,22,29
2019,4,2019-11-25,Hungary,Serbia,23,25
2019,6,2019-11-25,Belarus,Italy,35,26
2019,6,2019-11-25,Portugal,Greece,15,16
2019,4,2019-11-24,Poland,Belarus,34,29
2019,4,2019-11-24,Turkey,Kosovo,34,28
2019,4,2019-11-24,Lithuania,Ukraine,22,27
2019,4,2019-11-24,Slovenia,France,21,33
2019,4,2019-11-24,Japan,Brazil,22,28
2019,6,2019-11-24,Portugal,Italy,34,20
2019,6,2019-11-24,Greece,Belarus,18,28
2019,4,2019-11-23,Poland,Ukraine,30,17
2019,4,2019-11-23,Lithuania,Belarus,23,36
2019,4,2019-11-23,Czech Republic,Austria,24,26
2019,4,2019-11-23,Turkey,North Macedonia,42,33
2019,4,2019-11-23,Japan,France,23,28
2019,4,2019-11-23,South Korea,Hungary,25,31
2019,4,2019-11-23,Slovenia,Brazil,33,29
2019,4,2019-11-23,Serbia,Russia,25,43
2019,4,2019-11-23,Kosovo,Italy,31,26
2019,6,2019-11-23,Italy,Greece,19,23
2019,6,2019-11-23,Belarus,Portugal,31,23
2019,4,2019-11-22,Poland,Lithuania,37,19
2019,4,2019-11-22,Ukraine,Belarus,22,31
2019,4,2019-11-22,Austria,Switzerland,23,27
2019,4,2019-11-22,North Macedonia,Italy,29,29
2019,4,2019-11-22,South Korea,Serbia,27,28
2019,4,2019-11-22,Russia,Hungary,29,25
2019,4,2019-11-21,Germany,Montenegro,29,33
2019,4,2019-11-21,Czech Republic,Switzerland,35,30
2019,4,2019-11-21,Japan,Slovenia,28,28
2019,4,2019-11-21,France,Brazil,33,22
2019,4,2019-10-26,Germany,Croatia,32,23
2019,4,2019-10-23,Croatia,Germany,21,21
2019,4,2019-09-29,Norway,Japan,28,22
2019,4,2019-09-29,Argentina,Brazil,20,27
2019,4,2019-09-27,Japan,Argentina,27,18
2019,4,2019-09-27,Norway,Brazil,29,24
2019,4,2019-09-26,Brazil,Japan,26,26
2019,4,2019-09-26,Norway,Argentina,37,23
2019,4,2019-07-27,Norway,Denmark,24,28
2019,6,2019-06-06,Iceland,Spain,32,31
2019,6,2019-06-06,Slovenia,North Macedonia,38,27
2019,6,2019-06-06,Poland,Serbia,30,27
2019,6,2019-06-06,Slovakia,Sweden,24,45
2019,6,2019-06-05,Montenegro,Czech Republic,25,23
2019,6,2019-06-05,Norway,Belarus,31,28
2019,6,2019-06-05,Germany,Croatia,25,21
2019,6,2019-06-05,Switzerland,Denmark,14,26
2019,6,2019-06-05,Hungary,Austria,28,19
2019,4,2019-06-02,Romania,Angola,21,21
2019,6,2019-06-02,North Macedonia,Slovenia,30,33
2019,6,2019-06-02,Austria,Hungary,23,41
2019,6,2019-06-02,Croatia,Germany,24,24
2019,4,2019-06-01,Romania,Japan,28,27
2019,4,2019-06-01,Netherlands,Russia,33,26
2019,6,2019-06-01,Sweden,Slovakia,33,18
2019,6,2019-06-01,Denmark,Switzerland,35,22
2019,4,2019-05-31,Netherlands,Russia,30,31
2019,4,2019-05-31,Angola,Japan,26,21
2019,6,2019-05-31,Spain,Iceland,35,26
2019,6,2019-05-31,Serbia,Poland,33,19
2019,6,2019-05-31,Czech Republic,Montenegro,26,24
2019,6,2019-05-31,Belarus,Norway,21,34
2019,4,2019-05-28,Norway,Sweden,36,20
2019,4,2019-03-24,Slovakia,Iceland,28,30
2019,4,2019-03-24,Poland,Argentina,26,23
2019,4,2019-03-24,Croatia,Slovenia,28,27
2019,4,2019-03-24,Hungary,Japan,33,21
2019,4,2019-03-24,Austria,Czech Republic,25,28
2019,4,2019-03-23,Iceland,Argentina,31,26
2019,4,2019-03-23,Croatia,Austria,21,22
2019,4,2019-03-23,Poland,Slovakia,29,23
2019,4,2019-03-23,Slovenia,Czech Republic,25,26
2019,4,2019-03-23,Spain,Brazil,28,25
2019,4,2019-03-23,Germany,Netherlands,29,28
2019,4,2019-03-23,Sweden,Russia,28,26
2019,4,2019-03-23,Serbia,Switzerland,31,21
2019,4,2019-03-23,North Macedonia,Montenegro,21,17
2019,4,2019-03-23,Belarus,Ukraine,36,29
2019,4,2019-03-22,Spain,Serbia,31,28
2019,4,2019-03-22,Croatia,Czech Republic,30,24
2019,4,2019-03-22,Sweden,Russia,27,24
2019,4,2019-03-22,Argentina,Slovakia,27,33
2019,4,2019-03-22,Netherlands,Germany,29,26
2019,4,2019-03-22,Switzerland,Brazil,16,28
2019,4,2019-03-22,Austria,Slovenia,23,23
2019,4,2019-03-22,Poland,Iceland,21,19
2019,4,2019-03-22,North Macedonia,Montenegro,21,22
2019,4,2019-03-22,Belarus,Ukraine,36,28
2019,4,2019-03-21,Spain,Switzerland,35,18
2019,4,2019-03-21,Brazil,Serbia,27,29
2018,3,2018-12-16,Russia,France,21,24
2018,3,2018-12-16,Romania,Netherlands,20,24
2018,3,2018-12-14,Netherlands,France,21,27
2018,3,2018-12-14,Russia,Romania,28,22
2018,3,2018-12-14,Sweden,Norway,29,38
2018,1,2018-12-12,Senegal,Angola,14,19
2018,3,2018-12-12,Netherlands,Germany,27,21
2018,3,2018-12-12,Serbia,France,28,38
2018,3,2018-12-12,Hungary,Romania,31,29
2018,3,2018-12-12,Sweden,Russia,39,30
2018,3,2018-12-12,Denmark,Montenegro,24,23
2018,3,2018-12-12,Spain,Norway,26,33
2018,3,2018-12-11,Netherlands,Norway,16,29
2018,3,2018-12-11,Spain,Romania,25,27
2018,3,2018-12-10,Serbia,Montenegro,27,28
2018,3,2018-12-10,Denmark,Russia,21,32
2018,2,2018-12-09,South Korea,Japan,30,25
2018,2,2018-12-09,Kazakhstan,China,21,27
2018,3,2018-12-09,Netherlands,Romania,29,24
2018,3,2018-12-09,Serbia,Russia,25,29
2018,3,2018-12-09,Hungary,Germany,26,25
2018,3,2018-12-09,Sweden,France,21,21
2018,2,2018-12-07,Japan,China,23,21
2018,2,2018-12-07,South Korea,Kazakhstan,31,23
2018,3,2018-12-07,Hungary,Norway,25,38
2018,3,2018-12-07,Spain,Germany,23,29
2018,3,2018-12-06,Sweden,Montenegro,28,30
2018,3,2018-12-06,Denmark,France,23,29
2018,2,2018-12-05,Japan,Kazakhstan,31,24
2018,2,2018-12-05,South Korea,China,24,21
2018,3,2018-12-05,Hungary,Spain,32,26
2018,3,2018-12-05,Norway,Romania,23,31
2018,3,2018-12-05,Germany,Czech Republic,30,28
2018,3,2018-12-05,Netherlands,Croatia,34,23
2018,2,2018-12-04,Iran,Japan,8,31
2018,3,2018-12-04,Denmark,Serbia,25,30
2018,3,2018-12-04,France,Montenegro,25,20
2018,3,2018-12-04,Russia,Slovenia,27,29
2018,3,2018-12-04,Sweden,Poland,23,22
2018,1,2018-12-03,Tunisia,Senegal,21,26
2018,3,2018-12-03,Czech Republic,Norway,17,31
2018,3,2018-12-03,Netherlands,Spain,28,27
2018,3,2018-12-03,Croatia,Hungary,18,24
2018,3,2018-12-03,Germany,Romania,24,29
2018,3,2018-12-02,Russia,Montenegro,24,23
2018,3,2018-12-02,Sweden,Serbia,22,21
2018,3,2018-12-02,Poland,Denmark,21,28
2018,3,2018-12-02,Slovenia,France,21,30
2018,2,2018-12-01,Iran,Kazakhstan,26,41
2018,3,2018-12-01,Romania,Czech Republic,31,28
2018,3,2018-12-01,Spain,Croatia,25,18
2018,3,2018-12-01,Hungary,Netherlands,25,28
2018,3,2018-12-01,Norway,Germany,32,33
2018,3,2018-11-30,Denmark,Sweden,30,29
2018,3,2018-11-30,Montenegro,Slovenia,36,32
2018,3,2018-11-30,Serbia,Poland,33,26
2018,3,2018-11-29,France,Russia,23,26
2018,4,2018-11-25,Spain,Brazil,28,28
2018,4,2018-11-25,Poland,Germany,27,28
2018,4,2018-11-25,Sweden,Montenegro,30,32
2018,4,2018-11-24,Germany,Spain,20,22
2018,4,2018-11-24,Brazil,Poland,26,32
2018,4,2018-11-24,Czech Republic,Slovakia,22,20
2018,4,2018-11-24,Russia,Serbia,33,32
2018,4,2018-11-24,Switzerland,Croatia,18,25
2018,4,2018-11-24,Ukraine,Austria,34,32
2018,4,2018-11-23,Spain,Poland,23,16
2018,4,2018-11-23,Brazil,Germany,20,19
2018,4,2018-11-23,Czech Republic,Croatia,21,19
2018,4,2018-11-23,Sweden,Montenegro,28,30
2018,4,2018-11-23,Romania,Serbia,29,26
2018,4,2018-11-23,Switzerland,Slovakia,22,35
2018,4,2018-11-22,Croatia,Slovakia,22,20
2018,4,2018-11-22,Czech Republic,Switzerland,34,25
2018,4,2018-11-21,Netherlands,Angola,32,29
2018,4,2018-11-20,Greece,Israel,26,26
2018,4,2018-11-19,Greece,Israel,25,21
2018,3,2018-10-01,Kosovo,Netherlands,12,40
2018,3,2018-10-01,North Macedonia,Serbia,27,33
2018,3,2018-10-01,Faroe Islands,Sweden,15,33
2018,3,2018-10-01,Lithuania,Spain,17,24
2018,3,2018-10-01,Slovenia,Czech Republic,28,28
2018,3,2018-10-01,Ukraine,Croatia,26,22
2018,3,2018-10-01,Iceland,Denmark,14,29
2018,3,2018-10-01,Switzerland,Norway,12,29
2018,3,2018-10-01,Italy,Montenegro,16,23
2018,3,2018-10-01,Portugal,Romania,16,32
2018,3,2018-10-01,Slovakia,Poland,20,29
2018,3,2018-10-01,Turkey,Germany,16,30
2018,3,2018-10-01,Belarus,Hungary,18,25
2018,3,2018-09-30,Austria,Russia,27,25
2018,4,2018-09-30,Germany,Russia,33,36
2018,4,2018-09-29,Slovenia,Serbia,27,35
2018,4,2018-09-29,Belarus,Ukraine,27,31
2018,4,2018-09-29,Iceland,Sweden,20,33
2018,4,2018-09-29,Spain,Austria,28,26
2018,4,2018-09-29,Hungary,Montenegro,19,23
2018,4,2018-09-29,Germany,Russia,31,35
2018,4,2018-09-29,Slovakia,Czech Republic,22,22
2018,3,2018-09-28,Russia,Portugal,32,25
2018,3,2018-09-28,Sweden,North Macedonia,38,26
2018,3,2018-09-28,Serbia,Faroe Islands,36,20
2018,3,2018-09-28,Montenegro,Slovakia,24,23
2018,4,2018-09-28,Netherlands,Japan,28,17
2018,4,2018-09-28,Belarus,Ukraine,25,28
2018,4,2018-09-28,Slovakia,Czech Republic,22,26
2018,4,2018-09-28,Hungary,Montenegro,29,25
2018,4,2018-09-28,Spain,Austria,32,22
2018,3,2018-09-27,Denmark,Slovenia,28,22
2018,3,2018-09-27,Czech Republic,Iceland,30,23
2018,3,2018-09-27,Germany,Lithuania,26,26
2018,3,2018-09-27,Spain,Turkey,35,16
2018,3,2018-09-27,Netherlands,Belarus,33,21
2018,3,2018-09-27,Norway,Ukraine,35,22
2018,3,2018-09-27,Croatia,Switzerland,32,28
2018,3,2018-09-27,Hungary,Kosovo,37,12
2018,3,2018-09-27,Poland,Italy,40,13
2018,3,2018-09-27,Romania,Austria,36,25
2018,4,2018-09-27,Iceland,Sweden,25,26
2018,4,2018-09-27,Netherlands,Japan,38,26
2018,4,2018-09-27,North Macedonia,Italy,26,23
2018,4,2018-09-26,Spain,Argentina,33,19
2018,4,2018-09-26,Slovenia,Serbia,34,31
2018,4,2018-06-25,South Korea,Japan,27,20
2018,4,2018-06-23,Japan,Poland,26,20
2018,4,2018-06-21,South Korea,Ukraine,34,30
2018,4,2018-06-20,Sweden,South Korea,28,34
2018,4,2018-06-19,Sweden,Ukraine,31,28
2018,4,2018-06-18,Sweden,South Korea,28,35
2018,4,2018-06-17,South Korea,Ukraine,36,20
2018,4,2018-06-16,Sweden,Ukraine,27,27
2018,3,2018-06-11,Israel,Kosovo,25,32
2018,3,2018-06-11,Finland,Faroe Islands,17,20
2018,3,2018-06-10,Faroe Islands,Greece,25,24
2018,3,2018-06-09,Greece,Finland,29,20
2018,4,2018-06-06,Germany,Poland,30,29
2018,3,2018-06-03,Czech Republic,Slovenia,30,30
2018,3,2018-06-03,Poland,Slovakia,26,21
2018,3,2018-06-03,Serbia,North Macedonia,35,30
2018,3,2018-06-03,Romania,Portugal,32,28
2018,3,2018-06-03,Russia,Austria,26,25
2018,3,2018-06-02,Norway,Switzerland,41,18
2018,3,2018-06-02,Croatia,Ukraine,28,25
2018,3,2018-06-02,Spain,Lithuania,29,17
2018,3,2018-06-02,Montenegro,Italy,28,22
2018,3,2018-06-02,Hungary,Belarus,30,22
2018,3,2018-06-02,Denmark,Iceland,24,17
2018,3,2018-06-02,Germany,Turkey,40,17
2018,3,2018-06-02,Sweden,Faroe Islands,32,13
2018,3,2018-06-02,Netherlands,Kosovo,42,16
2018,3,2018-05-31,Italy,Poland,25,33
2018,3,2018-05-31,Austria,Romania,25,28
2018,3,2018-05-31,Slovakia,Montenegro,24,27
2018,3,2018-05-31,Belarus,Netherlands,28,29
2018,3,2018-05-31,Lithuania,Germany,11,25
2018,3,2018-05-31,Portugal,Russia,24,30
2018,3,2018-05-30,Iceland,Czech Republic,24,26
2018,3,2018-05-30,Faroe Islands,Serbia,17,33
2018,3,2018-05-30,Switzerland,Croatia,16,33
2018,3,2018-05-30,North Macedonia,Sweden,20,32
2018,3,2018-05-30,Kosovo,Hungary,15,37
2018,3,2018-05-30,Slovenia,Denmark,23,25
2018,3,2018-05-30,Ukraine,Norway,21,26
2018,3,2018-05-30,Turkey,Spain,17,22
2018,3,2018-03-25,North Macedonia,Faroe Islands,28,24
2018,3,2018-03-25,Norway,Croatia,33,27
2018,3,2018-03-25,Ukraine,Switzerland,21,22
2018,3,2018-03-25,Romania,Russia,26,25
2018,3,2018-03-25,Slovenia,Iceland,28,18
2018,3,2018-03-25,Turkey,Lithuania,30,24
2018,3,2018-03-25,Netherlands,Hungary,22,23
2018,3,2018-03-25,Belarus,Kosovo,41,18
2018,4,2018-03-25,France,Brazil,24,24
2018,3,2018-03-24,Austria,Portugal,29,24
2018,3,2018-03-24,Spain,Germany,27,23
2018,3,2018-03-24,Montenegro,Poland,33,23
2018,3,2018-03-24,Denmark,Czech Republic,21,20
2018,3,2018-03-24,Sweden,Serbia,31,30
2018,3,2018-03-24,Slovakia,Italy,20,17
2018,3,2018-03-22,Portugal,Austria,30,32
2018,3,2018-03-22,Hungary,Netherlands,18,19
2018,3,2018-03-22,Lithuania,Turkey,22,22
2018,4,2018-03-22,France,Brazil,28,17
2018,3,2018-03-21,Iceland,Slovenia,30,30
2018,3,2018-03-21,Faroe Islands,North Macedonia,15,22
2018,3,2018-03-21,Switzerland,Ukraine,21,15
2018,3,2018-03-21,Germany,Spain,33,24
2018,3,2018-03-21,Italy,Slovakia,20,21
2018,3,2018-03-21,Croatia,Norway,25,32
2018,3,2018-03-21,Kosovo,Belarus,22,31
2018,3,2018-03-21,Serbia,Sweden,30,23
2018,3,2018-03-21,Poland,Montenegro,20,26
2018,3,2018-03-21,Czech Republic,Denmark,21,26
2018,3,2018-03-21,Russia,Romania,30,25
2017,4,2017-11-29,France,Angola,30,18
2017,4,2017-11-28,Slovakia,Iceland,25,27
2017,4,2017-11-27,Sweden,Denmark,23,17
2017,4,2017-11-27,Slovakia,Iceland,26,28
2017,4,2017-11-27,Montenegro,Serbia,25,31
2017,4,2017-11-26,Spain,Ukraine,33,14
2017,4,2017-11-26,Montenegro,Serbia,36,26
2017,4,2017-11-26,France,Slovenia,26,18
2017,4,2017-11-26,Argentina,Japan,26,21
2017,4,2017-11-26,Romania,Brazil,24,23
2017,4,2017-11-26,Angola,Tunisia,31,14
2017,4,2017-11-26,North Macedonia,Poland,25,32
2017,4,2017-11-25,Spain,Japan,26,22
2017,4,2017-11-25,Ukraine,Argentina,31,25
2017,4,2017-11-25,Germany,Iceland,32,19
2017,4,2017-11-25,Denmark,Sweden,26,25
2017,4,2017-11-25,Romania,North Macedonia,31,18
2017,4,2017-11-25,Brazil,Poland,18,29
2017,4,2017-11-25,Switzerland,Austria,22,24
2017,4,2017-11-24,Spain,Argentina,28,19
2017,4,2017-11-24,France,Tunisia,35,19
2017,4,2017-11-24,Japan,Ukraine,24,25
2017,4,2017-11-24,Slovakia,Germany,22,23
2017,4,2017-11-24,Romania,Poland,21,27
2017,4,2017-11-24,Slovenia,Angola,31,25
2017,4,2017-11-24,North Macedonia,Brazil,19,32
2017,4,2017-11-24,Czech Republic,Switzerland,29,22
2017,4,2017-11-23,Czech Republic,Austria,27,28
2017,4,2017-11-22,Serbia,Slovakia,26,24
2017,4,2017-11-21,Serbia,Slovakia,30,30
2017,4,2017-10-29,Germany,Netherlands,36,26
2017,4,2017-10-28,Germany,Netherlands,23,18
2017,4,2017-10-01,France,Brazil,22,22
2017,4,2017-09-29,France,Brazil,23,21
2017,4,2017-09-24,Italy,North Macedonia,24,29
2017,4,2017-09-23,Russia,South Korea,49,40
2017,4,2017-09-22,Turkey,North Macedonia,30,26
2017,4,2017-06-17,Norway,France,23,22
2017,4,2017-06-16,Croatia,Serbia,28,21
2017,4,2017-06-15,Norway,France,24,21
2017,4,2017-06-13,Brazil,Portugal,38,25
2017,4,2017-06-11,Brazil,Portugal,35,29
2017,4,2017-06-08,Denmark,Germany,17,22
2017,4,2017-06-07,Croatia,Sweden,28,35
2017,4,2017-06-04,Belarus,Ukraine,32,24
2017,4,2017-06-03,Israel,Greece,26,28
2017,4,2017-06-03,Russia,Lithuania,30,12
2017,4,2017-06-03,Belarus,Ukraine,34,31
2017,4,2017-06-03,Turkey,North Macedonia,38,29
2017,4,2017-06-02,North Macedonia,Lithuania,31,24
2017,4,2017-06-02,Turkey,Russia,32,34
2017,4,2017-06-01,Israel,Greece,23,27
2017,4,2017-06-01,Turkey,Lithuania,26,27
2017,4,2017-06-01,Russia,North Macedonia,35,29
2017,4,2017-06-01,Serbia,Montenegro,31,24
2017,4,2017-05-31,Serbia,Montenegro,31,31
2017,4,2017-03-19,Romania,Spain,21,20
2017,4,2017-03-19,Germany,Sweden,23,24
2017,4,2017-03-19,Poland,Slovakia,29,25
2017,4,2017-03-19,Belarus,Ukraine,24,23
2017,4,2017-03-18,Ukraine,Poland,17,26
2017,4,2017-03-18,Slovakia,Belarus,22,27
2017,4,2017-03-18,Sweden,Germany,33,28
2017,4,2017-03-18,Netherlands,Iceland,38,18
2017,4,2017-03-18,North Macedonia,Serbia,27,43
2017,4,2017-03-18,Czech Republic,Austria,35,26
2017,4,2017-03-18,Turkey,Lithuania,30,23
2017,4,2017-03-17,Netherlands,Iceland,23,20
2017,4,2017-03-17,North Macedonia,Serbia,29,35
2017,4,2017-03-17,Belarus,Poland,24,23
2017,4,2017-03-17,Hungary,Croatia,34,19
2017,4,2017-03-17,Romania,Spain,21,24
2017,4,2017-03-17,Slovakia,Ukraine,28,25
2017,4,2017-03-17,Turkey,Lithuania,43,15
2017,4,2017-03-17,Montenegro,Slovenia,19,20
2017,4,2017-03-16,Austria,Czech Republic,30,28
2017,4,2017-03-15,Montenegro,Slovenia,29,22
2016,4,2016-12-03,Cuba,Uruguay,16,44
2016,4,2016-12-03,Brazil,Slovakia,21,21
2016,4,2016-12-02,Brazil,Uruguay,30,11
2016,4,2016-12-02,Slovakia,Cuba,38,11
2016,4,2016-12-01,Brazil,Cuba,51,9
2016,4,2016-12-01,Uruguay,Slovakia,15,29
2016,4,2016-11-30,Croatia,Japan,29,26
2016,4,2016-11-30,Sweden,France,21,27
2016,4,2016-11-27,Romania,Hungary,24,29
2016,4,2016-11-27,Germany,Sweden,28,28
2016,4,2016-11-27,Spain,Poland,22,18
2016,4,2016-11-27,Japan,Argentina,23,19
2016,4,2016-11-27,Slovenia,Switzerland,36,29
2016,4,2016-11-26,Spain,Japan,33,21
2016,4,2016-11-26,Argentina,Poland,28,31
2016,4,2016-11-26,Germany,Sweden,24,24
2016,4,2016-11-26,Slovenia,Switzerland,32,25
2016,4,2016-11-26,Serbia,Austria,31,28
2016,4,2016-11-25,Spain,Argentina,35,15
2016,4,2016-11-25,Croatia,Montenegro,28,20
2016,4,2016-11-25,Poland,Japan,32,17
2016,4,2016-11-25,Czech Republic,Serbia,28,30
2016,4,2016-11-24,Czech Republic,Austria,26,25
2016,4,2016-11-22,Belarus,Lithuania,31,25
2016,5,2016-10-25,South Korea,Japan,35,21
2016,5,2016-10-24,Japan,Kazakhstan,24,23
2016,5,2016-10-22,China,South Korea,22,34
2016,5,2016-10-21,China,Japan,19,29
2016,5,2016-10-21,South Korea,Kazakhstan,35,24
2016,5,2016-10-20,Kazakhstan,China,18,28
2016,4,2016-10-09,Germany,Spain,24,27
2016,4,2016-10-08,Hungary,Slovenia,32,22
2016,4,2016-10-08,Austria,Croatia,26,25
2016,4,2016-10-08,Netherlands,Romania,23,24
2016,4,2016-10-08,Sweden,Poland,31,27
2016,4,2016-10-08,Iceland,Slovakia,26,25
2016,4,2016-10-07,Germany,Spain,32,18
2016,4,2016-10-07,Netherlands,Serbia,31,29
2016,4,2016-10-07,Poland,Slovakia,28,18
2016,4,2016-10-07,Croatia,Austria,36,28
2016,4,2016-10-07,Iceland,Sweden,23,33
2016,4,2016-10-06,Romania,Serbia,19,23
2016,4,2016-10-06,Slovenia,Czech Republic,33,28
2016,4,2016-10-05,Slovenia,Czech Republic,27,30
2016,5,2016-08-20,France,Russia,19,22
2016,5,2016-08-20,Netherlands,Norway,26,36
2016,5,2016-08-18,Norway,Russia,37,38
2016,5,2016-08-18,Netherlands,France,23,24
2016,5,2016-08-16,Russia,Angola,31,27
2016,5,2016-08-16,Sweden,Norway,20,33
2016,5,2016-08-16,Spain,France,26,27
2016,5,2016-08-16,Brazil,Netherlands,23,32
2016,5,2016-08-15,Argentina,South Korea,22,28
2016,5,2016-08-14,Spain,Angola,26,22
2016,5,2016-08-14,Norway,Romania,28,27
2016,5,2016-08-14,Netherlands,Russia,34,38
2016,5,2016-08-14,Sweden,France,25,27
2016,5,2016-08-14,Montenegro,Brazil,23,29
2016,5,2016-08-13,South Korea,France,17,21
2016,5,2016-08-12,Russia,Argentina,35,29
2016,5,2016-08-12,Montenegro,Norway,19,28
2016,5,2016-08-12,Romania,Spain,24,21
2016,5,2016-08-12,Sweden,Netherlands,29,29
2016,5,2016-08-12,Angola,Brazil,24,28
2016,5,2016-08-11,France,Argentina,27,11
2016,5,2016-08-10,Netherlands,South Korea,32,32
2016,5,2016-08-10,Norway,Angola,30,20
2016,5,2016-08-10,Russia,Sweden,36,34
2016,5,2016-08-10,Romania,Montenegro,25,21
2016,5,2016-08-10,Brazil,Spain,24,29
2016,5,2016-08-09,Angola,Montenegro,27,25
2016,5,2016-08-08,Argentina,Netherlands,18,26
2016,5,2016-08-08,Brazil,Romania,26,13
2016,5,2016-08-08,Spain,Norway,24,27
2016,5,2016-08-08,France,Russia,25,26
2016,5,2016-08-08,South Korea,Sweden,28,31
2016,5,2016-08-07,Sweden,Argentina,31,21
2016,5,2016-08-06,Romania,Angola,19,23
2016,5,2016-08-06,Montenegro,Spain,19,25
2016,5,2016-08-06,Russia,South Korea,30,25
2016,5,2016-08-06,Netherlands,France,14,18
2016,5,2016-08-06,Norway,Brazil,28,31
2016,4,2016-08-03,Spain,Sweden,17,18
2016,4,2016-08-02,Brazil,Argentina,24,14
2016,4,2016-07-31,Brazil,Netherlands,23,23
2016,4,2016-07-28,Brazil,Netherlands,29,27
2016,4,2016-07-24,Norway,France,25,24
2016,4,2016-07-24,Spain,Romania,21,21
2016,4,2016-07-23,Norway,Spain,26,28
2016,4,2016-07-23,Romania,France,18,24
2016,4,2016-07-21,Netherlands,Montenegro,23,13
2016,4,2016-07-21,Norway,Romania,32,21
2016,4,2016-07-21,France,Spain,17,21
2016,4,2016-07-21,Sweden,Russia,28,31
2016,4,2016-07-20,Russia,Netherlands,23,25
2016,4,2016-07-20,Sweden,Montenegro,27,29
2016,4,2016-07-19,Netherlands,Sweden,25,26
2016,4,2016-07-19,Montenegro,Russia,27,26
2016,4,2016-06-25,South Korea,Japan,37,17
2016,4,2016-06-09,Slovenia,South Korea,23,40
2016,4,2016-06-08,Slovakia,Brazil,21,23
2016,4,2016-06-07,Slovakia,Brazil,26,25
2016,4,2016-06-07,Slovenia,South Korea,16,33
2016,4,2016-05-28,Austria,Argentina,22,18
2016,4,2016-03-20,Norway,Spain,25,27
2016,4,2016-03-20,Brazil,Germany,18,24
2016,5,2016-03-20,Denmark,Uruguay,38,17
2016,5,2016-03-20,France,Japan,25,17
2016,5,2016-03-20,Tunisia,Netherlands,20,46
2016,5,2016-03-20,Romania,Montenegro,23,23
2016,5,2016-03-20,Russia,Sweden,37,29
2016,4,2016-03-19,Norway,Brazil,32,26
2016,4,2016-03-19,Germany,Spain,24,25
2016,5,2016-03-19,Denmark,Montenegro,22,26
2016,5,2016-03-19,France,Tunisia,33,15
2016,5,2016-03-19,Romania,Uruguay,36,19
2016,5,2016-03-19,Netherlands,Japan,33,25
2016,5,2016-03-19,Poland,Sweden,24,30
2016,5,2016-03-18,Netherlands,France,24,17
2016,5,2016-03-18,Romania,Denmark,32,25
2016,5,2016-03-18,Japan,Tunisia,37,20
2016,5,2016-03-18,Uruguay,Montenegro,19,34
2016,5,2016-03-18,Poland,Russia,25,27
2016,4,2016-03-17,Spain,Brazil,23,22
2016,4,2016-03-17,Norway,Germany,35,28
2016,4,2016-03-16,Slovakia,Norway,27,33
2016,4,2016-03-15,Sweden,Romania,32,29
2016,4,2016-03-15,Slovakia,Norway,28,29
2015,4,2015-12-02,Sweden,Romania,30,33
2015,4,2015-11-29,France,Czech Republic,31,20
2015,4,2015-11-29,Brazil,Serbia,24,23
2015,4,2015-11-29,Romania,Cuba,36,23
2015,4,2015-11-29,Argentina,Slovenia,22,22
2015,4,2015-11-29,Spain,Denmark,25,25
2015,4,2015-11-29,Austria,Switzerland,29,27
2015,4,2015-11-29,Angola,Tunisia,27,22
2015,4,2015-11-28,Spain,Tunisia,32,19
2015,4,2015-11-28,Croatia,Germany,27,24
2015,4,2015-11-28,Austria,Switzerland,32,28
2015,4,2015-11-28,Angola,Denmark,17,28
2015,4,2015-11-28,Poland,Montenegro,28,26
2015,4,2015-11-28,France,Cuba,37,18
2015,4,2015-11-28,Romania,Czech Republic,31,26
2015,4,2015-11-27,Spain,Angola,37,27
2015,4,2015-11-27,Germany,Slovakia,31,31
2015,4,2015-11-27,Tunisia,Denmark,15,33
2015,4,2015-11-27,Hungary,Ukraine,37,19
2015,4,2015-11-26,Croatia,Slovakia,29,19
2015,4,2015-11-26,France,Romania,29,27
2015,4,2015-11-25,Germany,Poland,30,31
2015,4,2015-11-19,Tunisia,Italy,24,22
2015,4,2015-11-08,Serbia,South Korea,22,31
2015,4,2015-08-07,Hungary,Japan,34,18
2015,4,2015-06-14,Brazil,Norway,18,12
2015,4,2015-06-12,Brazil,Norway,21,25
2015,4,2015-06-03,Japan,Ukraine,23,26
2015,4,2015-06-02,Sweden,Netherlands,30,20
2015,4,2015-06-02,Czech Republic,Slovakia,21,22
2015,4,2015-06-01,Montenegro,Russia,27,23
2015,4,2015-06-01,Slovakia,Japan,28,23
2015,4,2015-05-31,Germany,Netherlands,31,29
2015,4,2015-05-30,Poland,Iceland,25,18
2015,4,2015-03-22,Italy,Finland,23,17
2015,4,2015-03-21,Portugal,Italy,23,20
2015,4,2015-03-21,Romania,Sweden,17,26
2015,4,2015-03-21,Switzerland,Iceland,24,28
2015,4,2015-03-21,Germany,Brazil,25,20
2015,4,2015-03-21,Czech Republic,Turkey,36,25
2015,4,2015-03-21,Netherlands,Slovakia,29,26
2015,4,2015-03-21,Austria,Belarus,30,28
2015,4,2015-03-21,Hungary,Spain,25,25
2015,4,2015-03-21,Serbia,Slovenia,28,30
2015,4,2015-03-20,Portugal,Finland,33,24
2015,4,2015-03-20,Czech Republic,Austria,31,25
2015,4,2015-03-20,Netherlands,Slovakia,33,27
2015,4,2015-03-20,Serbia,Slovenia,30,22
2015,4,2015-03-20,Romania,Brazil,27,19
2015,4,2015-03-20,Turkey,Belarus,28,38
2015,4,2015-03-20,Sweden,Germany,33,32
2015,4,2015-03-20,Switzerland,Iceland,25,21
2015,4,2015-03-19,Turkey,Austria,32,32
2015,4,2015-03-19,Czech Republic,Belarus,31,26
