season,division,date,home,away,home_goals,away_goals,game_nr,team1_home,casual
2015,4,2015-03-19,Turkey,Austria,32,32,1,0,1
2015,4,2015-03-19,Czech Republic,Belarus,31,26,2,0,1
2015,4,2015-03-20,Portugal,Finland,33,24,3,0,1
2015,4,2015-03-20,Czech Republic,Austria,31,25,4,0,1
2015,4,2015-03-20,Netherlands,Slovakia,33,27,5,0,1
2015,4,2015-03-20,Serbia,Slovenia,30,22,6,0,1
2015,4,2015-03-20,Romania,Brazil,27,19,7,0,1
2015,4,2015-03-20,Turkey,Belarus,28,38,8,0,1
2015,4,2015-03-20,Sweden,Germany,33,32,9,0,1
2015,4,2015-03-20,Switzerland,Iceland,25,21,10,0,1
2015,4,2015-03-21,Portugal,Italy,23,20,11,0,1
2015,4,2015-03-21,Romania,Sweden,17,26,12,0,1
2015,4,2015-03-21,Switzerland,Iceland,24,28,13,0,1
2015,4,2015-03-21,Germany,Brazil,25,20,14,0,1
2015,4,2015-03-21,Czech Republic,Turkey,36,25,15,0,1
2015,4,2015-03-21,Netherlands,Slovakia,29,26,16,0,1
2015,4,2015-03-21,Austria,Belarus,30,28,17,0,1
2015,4,2015-03-21,Hungary,Spain,25,25,18,0,1
2015,4,2015-03-21,Serbia,Slovenia,28,30,19,0,1
2015,4,2015-03-22,Italy,Finland,23,17,20,0,1
2015,4,2015-05-30,Poland,Iceland,25,18,21,0,1
2015,4,2015-05-31,Germany,Netherlands,31,29,22,0,1
2015,4,2015-06-01,Montenegro,Russia,27,23,23,0,1
2015,4,2015-06-01,Slovakia,Japan,28,23,24,0,1
2015,4,2015-06-02,Sweden,Netherlands,30,20,25,0,1
2015,4,2015-06-02,Czech Republic,Slovakia,21,22,26,0,1
2015,4,2015-06-03,Japan,Ukraine,23,26,27,0,1
2015,4,2015-06-12,Brazil,Norway,21,25,28,0,1
2015,4,2015-06-14,Brazil,Norway,18,12,29,0,1
2015,4,2015-08-07,Hungary,Japan,34,18,30,0,1
2016,5,2015-10-20,Kazakhstan,China,18,28,31,1,0
2016,5,2015-10-21,China,Japan,19,29,32,1,0
2016,5,2015-10-21,South Korea,Kazakhstan,35,24,33,1,0
2016,5,2015-10-22,China,South Korea,22,34,34,1,0
2016,5,2015-10-24,Japan,Kazakhstan,24,23,35,1,0
2016,5,2015-10-25,South Korea,Japan,35,21,36,1,0
2015,4,2015-11-08,Serbia,South Korea,22,31,37,0,1
2015,4,2015-11-19,Tunisia,Italy,24,22,38,0,1
2015,4,2015-11-25,Germany,Poland,30,31,39,0,1
2015,4,2015-11-26,Croatia,Slovakia,29,19,40,0,1
2015,4,2015-11-26,France,Romania,29,27,41,0,1
2015,4,2015-11-27,Spain,Angola,37,27,42,0,1
2015,4,2015-11-27,Germany,Slovakia,31,31,43,0,1
2015,4,2015-11-27,Tunisia,Denmark,15,33,44,0,1
2015,4,2015-11-27,Hungary,Ukraine,37,19,45,0,1
2015,4,2015-11-28,Spain,Tunisia,32,19,46,0,1
2015,4,2015-11-28,Croatia,Germany,27,24,47,0,1
2015,4,2015-11-28,Austria,Switzerland,32,28,48,0,1
2015,4,2015-11-28,Angola,Denmark,17,28,49,0,1
2015,4,2015-11-28,Poland,Montenegro,28,26,50,0,1
2015,4,2015-11-28,France,Cuba,37,18,51,0,1
2015,4,2015-11-28,Romania,Czech Republic,31,26,52,0,1
2015,4,2015-11-29,France,Czech Republic,31,20,53,0,1
2015,4,2015-11-29,Brazil,Serbia,24,23,54,0,1
2015,4,2015-11-29,Romania,Cuba,36,23,55,0,1
2015,4,2015-11-29,Argentina,Slovenia,22,22,56,0,1
2015,4,2015-11-29,Spain,Denmark,25,25,57,0,1
2015,4,2015-11-29,Austria,Switzerland,29,27,58,0,1
2015,4,2015-11-29,Angola,Tunisia,27,22,59,0,1
2015,4,2015-12-02,Sweden,Romania,30,33,60,0,1
2016,4,2016-03-15,Sweden,Romania,32,29,61,0,1
2016,4,2016-03-15,Slovakia,Norway,28,29,62,0,1
2016,4,2016-03-16,Slovakia,Norway,27,33,63,0,1
2016,4,2016-03-17,Spain,Brazil,23,22,64,0,1
2016,4,2016-03-17,Norway,Germany,35,28,65,0,1
2016,5,2016-03-18,Netherlands,France,24,17,66,1,0
2016,5,2016-03-18,Romania,Denmark,32,25,67,1,0
2016,5,2016-03-18,Japan,Tunisia,37,20,68,1,0
2016,5,2016-03-18,Uruguay,Montenegro,19,34,69,1,0
2016,5,2016-03-18,Poland,Russia,25,27,70,1,0
2016,4,2016-03-19,Norway,Brazil,32,26,71,0,1
2016,4,2016-03-19,Germany,Spain,24,25,72,0,1
2016,5,2016-03-19,Denmark,Montenegro,22,26,73,1,0
2016,5,2016-03-19,France,Tunisia,33,15,74,1,0
2016,5,2016-03-19,Romania,Uruguay,36,19,75,1,0
2016,5,2016-03-19,Netherlands,Japan,33,25,76,1,0
2016,5,2016-03-19,Poland,Sweden,24,30,77,1,0
2016,4,2016-03-20,Norway,Spain,25,27,78,0,1
2016,4,2016-03-20,Brazil,Germany,18,24,79,0,1
2016,5,2016-03-20,Denmark,Uruguay,38,17,80,1,0
2016,5,2016-03-20,France,Japan,25,17,81,1,0
2016,5,2016-03-20,Tunisia,Netherlands,20,46,82,1,0
2016,5,2016-03-20,Romania,Montenegro,23,23,83,1,0
2016,5,2016-03-20,Russia,Sweden,37,29,84,1,0
2016,4,2016-05-28,Austria,Argentina,22,18,85,0,1
2016,4,2016-06-07,Slovakia,Brazil,26,25,86,0,1
2016,4,2016-06-07,Slovenia,South Korea,16,33,87,0,1
2016,4,2016-06-08,Slovakia,Brazil,21,23,88,0,1
2016,4,2016-06-09,Slovenia,South Korea,23,40,89,0,1
2016,4,2016-06-25,South Korea,Japan,37,17,90,0,1
2016,4,2016-07-19,Netherlands,Sweden,25,26,91,0,1
2016,4,2016-07-19,Montenegro,Russia,27,26,92,0,1
2016,4,2016-07-20,Russia,Netherlands,23,25,93,0,1
2016,4,2016-07-20,Sweden,Montenegro,27,29,94,0,1
2016,4,2016-07-21,Netherlands,Montenegro,23,13,95,0,1
2016,4,2016-07-21,Norway,Romania,32,21,96,0,1
2016,4,2016-07-21,France,Spain,17,21,97,0,1
2016,4,2016-07-21,Sweden,Russia,28,31,98,0,1
2016,4,2016-07-23,Norway,Spain,26,28,99,0,1
2016,4,2016-07-23,Romania,France,18,24,100,0,1
2016,4,2016-07-24,Norway,France,25,24,101,0,1
2016,4,2016-07-24,Spain,Romania,21,21,102,0,1
2016,4,2016-07-28,Brazil,Netherlands,29,27,103,0,1
2016,4,2016-07-31,Brazil,Netherlands,23,23,104,0,1
2016,4,2016-08-02,Brazil,Argentina,24,14,105,0,1
2016,4,2016-08-03,Spain,Sweden,17,18,106,0,1
2016,5,2016-08-06,Romania,Angola,19,23,107,1,0
2016,5,2016-08-06,Montenegro,Spain,19,25,108,1,0
2016,5,2016-08-06,Russia,South Korea,30,25,109,1,0
2016,5,2016-08-06,Netherlands,France,14,18,110,1,0
2016,5,2016-08-06,Norway,Brazil,28,31,111,1,0
2016,5,2016-08-07,Sweden,Argentina,31,21,112,1,0
2016,5,2016-08-08,Argentina,Netherlands,18,26,113,1,0
2016,5,2016-08-08,Brazil,Romania,26,13,114,1,0
2016,5,2016-08-08,Spain,Norway,24,27,115,1,0
2016,5,2016-08-08,France,Russia,25,26,116,1,0
2016,5,2016-08-08,South Korea,Sweden,28,31,117,1,0
2016,5,2016-08-09,Angola,Montenegro,27,25,118,1,0
2016,5,2016-08-10,Netherlands,South Korea,32,32,119,1,0
2016,5,2016-08-10,Norway,Angola,30,20,120,1,0
2016,5,2016-08-10,Russia,Sweden,36,34,121,1,0
2016,5,2016-08-10,Romania,Montenegro,25,21,122,1,0
2016,5,2016-08-10,Brazil,Spain,24,29,123,1,0
2016,5,2016-08-11,France,Argentina,27,11,124,1,0
2016,5,2016-08-12,Russia,Argentina,35,29,125,1,0
2016,5,2016-08-12,Montenegro,Norway,19,28,126,1,0
2016,5,2016-08-12,Romania,Spain,24,21,127,1,0
2016,5,2016-08-12,Sweden,Netherlands,29,29,128,1,0
2016,5,2016-08-12,Angola,Brazil,24,28,129,1,0
2016,5,2016-08-13,South Korea,France,17,21,130,1,0
2016,5,2016-08-14,Spain,Angola,26,22,131,1,0
2016,5,2016-08-14,Norway,Romania,28,27,132,1,0
2016,5,2016-08-14,Netherlands,Russia,34,38,133,1,0
2016,5,2016-08-14,Sweden,France,25,27,134,1,0
2016,5,2016-08-14,Montenegro,Brazil,23,29,135,1,0
2016,5,2016-08-15,Argentina,South Korea,22,28,136,1,0
2016,5,2016-08-16,Russia,Angola,31,27,137,1,0
2016,5,2016-08-16,Sweden,Norway,20,33,138,1,0
2016,5,2016-08-16,Spain,France,26,27,139,1,0
2016,5,2016-08-16,Brazil,Netherlands,23,32,140,1,0
2016,5,2016-08-18,Norway,Russia,37,38,141,1,0
2016,5,2016-08-18,Netherlands,France,23,24,142,1,0
2016,5,2016-08-20,France,Russia,19,22,143,1,0
2016,5,2016-08-20,Netherlands,Norway,26,36,144,1,0
2016,4,2016-10-05,Slovenia,Czech Republic,27,30,145,0,1
2016,4,2016-10-06,Romania,Serbia,19,23,146,0,1
2016,4,2016-10-06,Slovenia,Czech Republic,33,28,147,0,1
2016,4,2016-10-07,Germany,Spain,32,18,148,0,1
2016,4,2016-10-07,Netherlands,Serbia,31,29,149,0,1
2016,4,2016-10-07,Poland,Slovakia,28,18,150,0,1
2016,4,2016-10-07,Croatia,Austria,36,28,151,0,1
2016,4,2016-10-07,Iceland,Sweden,23,33,152,0,1
2016,4,2016-10-08,Hungary,Slovenia,32,22,153,0,1
2016,4,2016-10-08,Austria,Croatia,26,25,154,0,1
2016,4,2016-10-08,Netherlands,Romania,23,24,155,0,1
2016,4,2016-10-08,Sweden,Poland,31,27,156,0,1
2016,4,2016-10-08,Iceland,Slovakia,26,25,157,0,1
2016,4,2016-10-09,Germany,Spain,24,27,158,0,1
2016,4,2016-11-22,Belarus,Lithuania,31,25,159,0,1
2016,4,2016-11-24,Czech Republic,Austria,26,25,160,0,1
2016,4,2016-11-25,Spain,Argentina,35,15,161,0,1
2016,4,2016-11-25,Croatia,Montenegro,28,20,162,0,1
2016,4,2016-11-25,Poland,Japan,32,17,163,0,1
2016,4,2016-11-25,Czech Republic,Serbia,28,30,164,0,1
2016,4,2016-11-26,Spain,Japan,33,21,165,0,1
2016,4,2016-11-26,Argentina,Poland,28,31,166,0,1
2016,4,2016-11-26,Germany,Sweden,24,24,167,0,1
2016,4,2016-11-26,Slovenia,Switzerland,32,25,168,0,1
2016,4,2016-11-26,Serbia,Austria,31,28,169,0,1
2016,4,2016-11-27,Romania,Hungary,24,29,170,0,1
2016,4,2016-11-27,Germany,Sweden,28,28,171,0,1
2016,4,2016-11-27,Spain,Poland,22,18,172,0,1
2016,4,2016-11-27,Japan,Argentina,23,19,173,0,1
2016,4,2016-11-27,Slovenia,Switzerland,36,29,174,0,1
2016,4,2016-11-30,Croatia,Japan,29,26,175,0,1
2016,4,2016-11-30,Sweden,France,21,27,176,0,1
2016,4,2016-12-01,Brazil,Cuba,51,9,177,0,1
2016,4,2016-12-01,Uruguay,Slovakia,15,29,178,0,1
2016,4,2016-12-02,Brazil,Uruguay,30,11,179,0,1
2016,4,2016-12-02,Slovakia,Cuba,38,11,180,0,1
2016,4,2016-12-03,Cuba,Uruguay,16,44,181,0,1
2016,4,2016-12-03,Brazil,Slovakia,21,21,182,0,1
2017,4,2017-03-15,Montenegro,Slovenia,29,22,183,0,1
2017,4,2017-03-16,Austria,Czech Republic,30,28,184,0,1
2017,4,2017-03-17,Netherlands,Iceland,23,20,185,0,1
2017,4,2017-03-17,North Macedonia,Serbia,29,35,186,0,1
2017,4,2017-03-17,Belarus,Poland,24,23,187,0,1
2017,4,2017-03-17,Hungary,Croatia,34,19,188,0,1
2017,4,2017-03-17,Romania,Spain,21,24,189,0,1
2017,4,2017-03-17,Slovakia,Ukraine,28,25,190,0,1
2017,4,2017-03-17,Turkey,Lithuania,43,15,191,0,1
2017,4,2017-03-17,Montenegro,Slovenia,19,20,192,0,1
2017,4,2017-03-18,Ukraine,Poland,17,26,193,0,1
2017,4,2017-03-18,Slovakia,Belarus,22,27,194,0,1
2017,4,2017-03-18,Sweden,Germany,33,28,195,0,1
2017,4,2017-03-18,Netherlands,Iceland,38,18,196,0,1
2017,4,2017-03-18,North Macedonia,Serbia,27,43,197,0,1
2017,4,2017-03-18,Czech Republic,Austria,35,26,198,0,1
2017,4,2017-03-18,Turkey,Lithuania,30,23,199,0,1
2017,4,2017-03-19,Romania,Spain,21,20,200,0,1
2017,4,2017-03-19,Germany,Sweden,23,24,201,0,1
2017,4,2017-03-19,Poland,Slovakia,29,25,202,0,1
2017,4,2017-03-19,Belarus,Ukraine,24,23,203,0,1
2017,4,2017-05-31,Serbia,Montenegro,31,31,204,0,1
2017,4,2017-06-01,Israel,Greece,23,27,205,0,1
2017,4,2017-06-01,Turkey,Lithuania,26,27,206,0,1
2017,4,2017-06-01,Russia,North Macedonia,35,29,207,0,1
2017,4,2017-06-01,Serbia,Montenegro,31,24,208,0,1
2017,4,2017-06-02,North Macedonia,Lithuania,31,24,209,0,1
2017,4,2017-06-02,Turkey,Russia,32,34,210,0,1
2017,4,2017-06-03,Israel,Greece,26,28,211,0,1
2017,4,2017-06-03,Russia,Lithuania,30,12,212,0,1
2017,4,2017-06-03,Belarus,Ukraine,34,31,213,0,1
2017,4,2017-06-03,Turkey,North Macedonia,38,29,214,0,1
2017,4,2017-06-04,Belarus,Ukraine,32,24,215,0,1
2017,4,2017-06-07,Croatia,Sweden,28,35,216,0,1
2017,4,2017-06-08,Denmark,Germany,17,22,217,0,1
2018,3,2017-06-09,Greece,Finland,29,20,218,1,0
2018,3,2017-06-10,Faroe Islands,Greece,25,24,219,1,0
2018,3,2017-06-11,Israel,Kosovo,25,32,220,1,0
2018,3,2017-06-11,Finland,Faroe Islands,17,20,221,1,0
2017,4,2017-06-11,Brazil,Portugal,35,29,222,0,1
2017,4,2017-06-13,Brazil,Portugal,38,25,223,0,1
2017,4,2017-06-15,Norway,France,24,21,224,0,1
2017,4,2017-06-16,Croatia,Serbia,28,21,225,0,1
2017,4,2017-06-17,Norway,France,23,22,226,0,1
2017,4,2017-09-22,Turkey,North Macedonia,30,26,227,0,1
2017,4,2017-09-23,Russia,South Korea,49,40,228,0,1
2017,4,2017-09-24,Italy,North Macedonia,24,29,229,0,1
2018,3,2017-09-27,Denmark,Slovenia,28,22,230,1,0
2018,3,2017-09-27,Czech Republic,Iceland,30,23,231,1,0
2018,3,2017-09-27,Germany,Lithuania,26,26,232,1,0
2018,3,2017-09-27,Spain,Turkey,35,16,233,1,0
2018,3,2017-09-27,Netherlands,Belarus,33,21,234,1,0
2018,3,2017-09-27,Norway,Ukraine,35,22,235,1,0
2018,3,2017-09-27,Croatia,Switzerland,32,28,236,1,0
2018,3,2017-09-27,Hungary,Kosovo,37,12,237,1,0
2018,3,2017-09-27,Poland,Italy,40,13,238,1,0
2018,3,2017-09-27,Romania,Austria,36,25,239,1,0
2018,3,2017-09-28,Russia,Portugal,32,25,240,1,0
2018,3,2017-09-28,Sweden,North Macedonia,38,26,241,1,0
2018,3,2017-09-28,Serbia,Faroe Islands,36,20,242,1,0
2018,3,2017-09-28,Montenegro,Slovakia,24,23,243,1,0
2017,4,2017-09-29,France,Brazil,23,21,244,0,1
2018,3,2017-09-30,Austria,Russia,27,25,245,1,0
2018,3,2017-10-01,Kosovo,Netherlands,12,40,246,1,0
2018,3,2017-10-01,North Macedonia,Serbia,27,33,247,1,0
2018,3,2017-10-01,Faroe Islands,Sweden,15,33,248,1,0
2018,3,2017-10-01,Lithuania,Spain,17,24,249,1,0
2018,3,2017-10-01,Slovenia,Czech Republic,28,28,250,1,0
2018,3,2017-10-01,Ukraine,Croatia,26,22,251,1,0
2018,3,2017-10-01,Iceland,Denmark,14,29,252,1,0
2018,3,2017-10-01,Switzerland,Norway,12,29,253,1,0
2018,3,2017-10-01,Italy,Montenegro,16,23,254,1,0
2018,3,2017-10-01,Portugal,Romania,16,32,255,1,0
2018,3,2017-10-01,Slovakia,Poland,20,29,256,1,0
2018,3,2017-10-01,Turkey,Germany,16,30,257,1,0
2018,3,2017-10-01,Belarus,Hungary,18,25,258,1,0
2017,4,2017-10-01,France,Brazil,22,22,259,0,1
2017,4,2017-10-28,Germany,Netherlands,23,18,260,0,1
2017,4,2017-10-29,Germany,Netherlands,36,26,261,0,1
2017,4,2017-11-21,Serbia,Slovakia,30,30,262,0,1
2017,4,2017-11-22,Serbia,Slovakia,26,24,263,0,1
2017,4,2017-11-23,Czech Republic,Austria,27,28,264,0,1
2017,4,2017-11-24,Spain,Argentina,28,19,265,0,1
2017,4,2017-11-24,France,Tunisia,35,19,266,0,1
2017,4,2017-11-24,Japan,Ukraine,24,25,267,0,1
2017,4,2017-11-24,Slovakia,Germany,22,23,268,0,1
2017,4,2017-11-24,Romania,Poland,21,27,269,0,1
2017,4,2017-11-24,Slovenia,Angola,31,25,270,0,1
2017,4,2017-11-24,North Macedonia,Brazil,19,32,271,0,1
2017,4,2017-11-24,Czech Republic,Switzerland,29,22,272,0,1
2017,4,2017-11-25,Spain,Japan,26,22,273,0,1
2017,4,2017-11-25,Ukraine,Argentina,31,25,274,0,1
2017,4,2017-11-25,Germany,Iceland,32,19,275,0,1
2017,4,2017-11-25,Denmark,Sweden,26,25,276,0,1
2017,4,2017-11-25,Romania,North Macedonia,31,18,277,0,1
2017,4,2017-11-25,Brazil,Poland,18,29,278,0,1
2017,4,2017-11-25,Switzerland,Austria,22,24,279,0,1
2017,4,2017-11-26,Spain,Ukraine,33,14,280,0,1
2017,4,2017-11-26,Montenegro,Serbia,36,26,281,0,1
2017,4,2017-11-26,France,Slovenia,26,18,282,0,1
2017,4,2017-11-26,Argentina,Japan,26,21,283,0,1
2017,4,2017-11-26,Romania,Brazil,24,23,284,0,1
2017,4,2017-11-26,Angola,Tunisia,31,14,285,0,1
2017,4,2017-11-26,North Macedonia,Poland,25,32,286,0,1
2017,4,2017-11-27,Sweden,Denmark,23,17,287,0,1
2017,4,2017-11-27,Slovakia,Iceland,26,28,288,0,1
2017,4,2017-11-27,Montenegro,Serbia,25,31,289,0,1
2017,4,2017-11-28,Slovakia,Iceland,25,27,290,0,1
2017,4,2017-11-29,France,Angola,30,18,291,0,1
2018,3,2018-03-21,Iceland,Slovenia,30,30,292,1,0
2018,3,2018-03-21,Faroe Islands,North Macedonia,15,22,293,1,0
2018,3,2018-03-21,Switzerland,Ukraine,21,15,294,1,0
2018,3,2018-03-21,Germany,Spain,33,24,295,1,0
2018,3,2018-03-21,Italy,Slovakia,20,21,296,1,0
2018,3,2018-03-21,Croatia,Norway,25,32,297,1,0
2018,3,2018-03-21,Kosovo,Belarus,22,31,298,1,0
2018,3,2018-03-21,Serbia,Sweden,30,23,299,1,0
2018,3,2018-03-21,Poland,Montenegro,20,26,300,1,0
2018,3,2018-03-21,Czech Republic,Denmark,21,26,301,1,0
2018,3,2018-03-21,Russia,Romania,30,25,302,1,0
2018,3,2018-03-22,Portugal,Austria,30,32,303,1,0
2018,3,2018-03-22,Hungary,Netherlands,18,19,304,1,0
2018,3,2018-03-22,Lithuania,Turkey,22,22,305,1,0
2018,4,2018-03-22,France,Brazil,28,17,306,0,1
2018,3,2018-03-24,Austria,Portugal,29,24,307,1,0
2018,3,2018-03-24,Spain,Germany,27,23,308,1,0
2018,3,2018-03-24,Montenegro,Poland,33,23,309,1,0
2018,3,2018-03-24,Denmark,Czech Republic,21,20,310,1,0
2018,3,2018-03-24,Sweden,Serbia,31,30,311,1,0
2018,3,2018-03-24,Slovakia,Italy,20,17,312,1,0
2018,3,2018-03-25,North Macedonia,Faroe Islands,28,24,313,1,0
2018,3,2018-03-25,Norway,Croatia,33,27,314,1,0
2018,3,2018-03-25,Ukraine,Switzerland,21,22,315,1,0
2018,3,2018-03-25,Romania,Russia,26,25,316,1,0
2018,3,2018-03-25,Slovenia,Iceland,28,18,317,1,0
2018,3,2018-03-25,Turkey,Lithuania,30,24,318,1,0
2018,3,2018-03-25,Netherlands,Hungary,22,23,319,1,0
2018,3,2018-03-25,Belarus,Kosovo,41,18,320,1,0
2018,4,2018-03-25,France,Brazil,24,24,321,0,1
2018,3,2018-05-30,Iceland,Czech Republic,24,26,322,1,0
2018,3,2018-05-30,Faroe Islands,Serbia,17,33,323,1,0
2018,3,2018-05-30,Switzerland,Croatia,16,33,324,1,0
2018,3,2018-05-30,North Macedonia,Sweden,20,32,325,1,0
2018,3,2018-05-30,Kosovo,Hungary,15,37,326,1,0
2018,3,2018-05-30,Slovenia,Denmark,23,25,327,1,0
2018,3,2018-05-30,Ukraine,Norway,21,26,328,1,0
2018,3,2018-05-30,Turkey,Spain,17,22,329,1,0
2018,3,2018-05-31,Italy,Poland,25,33,330,1,0
2018,3,2018-05-31,Austria,Romania,25,28,331,1,0
2018,3,2018-05-31,Slovakia,Montenegro,24,27,332,1,0
2018,3,2018-05-31,Belarus,Netherlands,28,29,333,1,0
2018,3,2018-05-31,Lithuania,Germany,11,25,334,1,0
2018,3,2018-05-31,Portugal,Russia,24,30,335,1,0
2018,3,2018-06-02,Norway,Switzerland,41,18,336,1,0
2018,3,2018-06-02,Croatia,Ukraine,28,25,337,1,0
2018,3,2018-06-02,Spain,Lithuania,29,17,338,1,0
2018,3,2018-06-02,Montenegro,Italy,28,22,339,1,0
2018,3,2018-06-02,Hungary,Belarus,30,22,340,1,0
2018,3,2018-06-02,Denmark,Iceland,24,17,341,1,0
2018,3,2018-06-02,Germany,Turkey,40,17,342,1,0
2018,3,2018-06-02,Sweden,Faroe Islands,32,13,343,1,0
2018,3,2018-06-02,Netherlands,Kosovo,42,16,344,1,0
2018,3,2018-06-03,Czech Republic,Slovenia,30,30,345,1,0
2018,3,2018-06-03,Poland,Slovakia,26,21,346,1,0
2018,3,2018-06-03,Serbia,North Macedonia,35,30,347,1,0
2018,3,2018-06-03,Romania,Portugal,32,28,348,1,0
2018,3,2018-06-03,Russia,Austria,26,25,349,1,0
2018,4,2018-06-06,Germany,Poland,30,29,350,0,1
2018,4,2018-06-16,Sweden,Ukraine,27,27,351,0,1
2018,4,2018-06-17,South Korea,Ukraine,36,20,352,0,1
2018,4,2018-06-18,Sweden,South Korea,28,35,353,0,1
2018,4,2018-06-19,Sweden,Ukraine,31,28,354,0,1
2018,4,2018-06-20,Sweden,South Korea,28,34,355,0,1
2018,4,2018-06-21,South Korea,Ukraine,34,30,356,0,1
2018,4,2018-06-23,Japan,Poland,26,20,357,0,1
2018,4,2018-06-25,South Korea,Japan,27,20,358,0,1
2018,4,2018-09-26,Spain,Argentina,33,19,359,0,1
2018,4,2018-09-26,Slovenia,Serbia,34,31,360,0,1
2018,4,2018-09-27,Iceland,Sweden,25,26,361,0,1
2018,4,2018-09-27,Netherlands,Japan,38,26,362,0,1
2018,4,2018-09-27,North Macedonia,Italy,26,23,363,0,1
2018,4,2018-09-28,Netherlands,Japan,28,17,364,0,1
2018,4,2018-09-28,Belarus,Ukraine,25,28,365,0,1
2018,4,2018-09-28,Slovakia,Czech Republic,22,26,366,0,1
2018,4,2018-09-28,Hungary,Montenegro,29,25,367,0,1
2018,4,2018-09-28,Spain,Austria,32,22,368,0,1
2018,4,2018-09-29,Slovenia,Serbia,27,35,369,0,1
2018,4,2018-09-29,Belarus,Ukraine,27,31,370,0,1
2018,4,2018-09-29,Iceland,Sweden,20,33,371,0,1
2018,4,2018-09-29,Spain,Austria,28,26,372,0,1
2018,4,2018-09-29,Hungary,Montenegro,19,23,373,0,1
2018,4,2018-09-29,Germany,Russia,31,35,374,0,1
2018,4,2018-09-29,Slovakia,Czech Republic,22,22,375,0,1
2018,4,2018-09-30,Germany,Russia,33,36,376,0,1
2018,4,2018-11-19,Greece,Israel,25,21,377,0,1
2018,4,2018-11-20,Greece,Israel,26,26,378,0,1
2018,4,2018-11-21,Netherlands,Angola,32,29,379,0,1
2018,4,2018-11-22,Croatia,Slovakia,22,20,380,0,1
2018,4,2018-11-22,Czech Republic,Switzerland,34,25,381,0,1
2018,4,2018-11-23,Spain,Poland,23,16,382,0,1
2018,4,2018-11-23,Brazil,Germany,20,19,383,0,1
2018,4,2018-11-23,Czech Republic,Croatia,21,19,384,0,1
2018,4,2018-11-23,Sweden,Montenegro,28,30,385,0,1
2018,4,2018-11-23,Romania,Serbia,29,26,386,0,1
2018,4,2018-11-23,Switzerland,Slovakia,22,35,387,0,1
2019,6,2018-11-23,Italy,Greece,19,23,388,1,0
2019,6,2018-11-23,Belarus,Portugal,31,23,389,1,0
2018,4,2018-11-24,Germany,Spain,20,22,390,0,1
2018,4,2018-11-24,Brazil,Poland,26,32,391,0,1
2018,4,2018-11-24,Czech Republic,Slovakia,22,20,392,0,1
2018,4,2018-11-24,Russia,Serbia,33,32,393,0,1
2018,4,2018-11-24,Switzerland,Croatia,18,25,394,0,1
2018,4,2018-11-24,Ukraine,Austria,34,32,395,0,1
2019,6,2018-11-24,Portugal,Italy,34,20,396,1,0
2019,6,2018-11-24,Greece,Belarus,18,28,397,1,0
2018,4,2018-11-25,Spain,Brazil,28,28,398,0,1
2018,4,2018-11-25,Poland,Germany,27,28,399,0,1
2018,4,2018-11-25,Sweden,Montenegro,30,32,400,0,1
2019,6,2018-11-25,Belarus,Italy,35,26,401,1,0
2019,6,2018-11-25,Portugal,Greece,15,16,402,1,0
2018,3,2018-11-29,France,Russia,23,26,403,1,0
2018,2,2018-11-30,India,South Korea,10,37,404,1,0
2018,3,2018-11-30,Denmark,Sweden,30,29,405,1,0
2018,3,2018-11-30,Montenegro,Slovenia,36,32,406,1,0
2018,3,2018-11-30,Serbia,Poland,33,26,407,1,0
2019,6,2018-11-30,Turkey,Iceland,23,36,408,1,0
2019,6,2018-11-30,Switzerland,Lithuania,21,20,409,1,0
2019,6,2018-11-30,North Macedonia,Azerbaijan,41,22,410,1,0
2019,6,2018-11-30,Slovakia,Ukraine,36,32,411,1,0
2019,6,2018-11-30,Faroe Islands,Finland,19,22,412,1,0
2019,6,2018-11-30,Kosovo,Israel,25,28,413,1,0
2018,2,2018-12-01,Hong Kong,China,10,36,414,1,0
2018,2,2018-12-01,Iran,Kazakhstan,26,41,415,1,0
2018,3,2018-12-01,Romania,Czech Republic,31,28,416,1,0
2018,3,2018-12-01,Spain,Croatia,25,18,417,1,0
2018,3,2018-12-01,Hungary,Netherlands,25,28,418,1,0
2018,3,2018-12-01,Norway,Germany,32,33,419,1,0
2019,6,2018-12-01,Azerbaijan,Turkey,26,32,420,1,0
2019,6,2018-12-01,Finland,Switzerland,10,21,421,1,0
2019,6,2018-12-01,Iceland,North Macedonia,21,29,422,1,0
2019,6,2018-12-01,Israel,Slovakia,20,24,423,1,0
2019,6,2018-12-01,Lithuania,Faroe Islands,21,25,424,1,0
2019,6,2018-12-01,Ukraine,Kosovo,44,19,425,1,0
2018,1,2018-12-02,Senegal,Cameroon,23,18,426,1,0
2018,2,2018-12-02,China,India,29,12,427,1,0
2018,3,2018-12-02,Russia,Montenegro,24,23,428,1,0
2018,3,2018-12-02,Sweden,Serbia,22,21,429,1,0
2018,3,2018-12-02,Poland,Denmark,21,28,430,1,0
2018,3,2018-12-02,Slovenia,France,21,30,431,1,0
2019,6,2018-12-02,Turkey,North Macedonia,23,30,432,1,0
2019,6,2018-12-02,Iceland,Azerbaijan,49,18,433,1,0
2019,6,2018-12-02,Slovakia,Kosovo,40,15,434,1,0
2019,6,2018-12-02,Ukraine,Israel,35,25,435,1,0
2019,6,2018-12-02,Switzerland,Faroe Islands,23,19,436,1,0
2019,6,2018-12-02,Lithuania,Finland,34,25,437,1,0
2018,1,2018-12-03,Tunisia,Senegal,21,26,438,1,0
2018,3,2018-12-03,Czech Republic,Norway,17,31,439,1,0
2018,3,2018-12-03,Netherlands,Spain,28,27,440,1,0
2018,3,2018-12-03,Croatia,Hungary,18,24,441,1,0
2018,3,2018-12-03,Germany,Romania,24,29,442,1,0
2018,1,2018-12-04,Congo,D.R. Congo,29,29,443,1,0
2018,2,2018-12-04,Iran,Japan,8,31,444,1,0
2018,2,2018-12-04,Hong Kong,South Korea,17,37,445,1,0
2018,3,2018-12-04,Denmark,Serbia,25,30,446,1,0
2018,3,2018-12-04,France,Montenegro,25,20,447,1,0
2018,3,2018-12-04,Russia,Slovenia,27,29,448,1,0
2018,3,2018-12-04,Sweden,Poland,23,22,449,1,0
2018,2,2018-12-05,India,Hong Kong,29,30,450,1,0
2018,2,2018-12-05,Japan,Kazakhstan,31,24,451,1,0
2018,2,2018-12-05,South Korea,China,24,21,452,1,0
2018,3,2018-12-05,Hungary,Spain,32,26,453,1,0
2018,3,2018-12-05,Norway,Romania,23,31,454,1,0
2018,3,2018-12-05,Germany,Czech Republic,30,28,455,1,0
2018,3,2018-12-05,Netherlands,Croatia,34,23,456,1,0
2018,1,2018-12-06,D.R. Congo,Angola,24,33,457,1,0
2018,3,2018-12-06,Sweden,Montenegro,28,30,458,1,0
2018,3,2018-12-06,Denmark,France,23,29,459,1,0
2018,1,2018-12-07,Angola,Congo,32,19,460,1,0
2018,1,2018-12-07,Tunisia,Cameroon,25,25,461,1,0
2018,2,2018-12-07,Japan,China,23,21,462,1,0
2018,2,2018-12-07,South Korea,Kazakhstan,31,23,463,1,0
2018,2,2018-12-07,Hong Kong,Iran,17,19,464,1,0
2018,3,2018-12-07,Hungary,Norway,25,38,465,1,0
2018,3,2018-12-07,Spain,Germany,23,29,466,1,0
2018,2,2018-12-08,India,Hong Kong,27,31,467,1,0
2018,1,2018-12-09,Cameroon,Congo,22,21,468,1,0
2018,1,2018-12-09,D.R. Congo,Tunisia,37,30,469,1,0
2018,2,2018-12-09,South Korea,Japan,30,25,470,1,0
2018,2,2018-12-09,Kazakhstan,China,21,27,471,1,0
2018,3,2018-12-09,Netherlands,Romania,29,24,472,1,0
2018,3,2018-12-09,Serbia,Russia,25,29,473,1,0
2018,3,2018-12-09,Hungary,Germany,26,25,474,1,0
2018,3,2018-12-09,Sweden,France,21,21,475,1,0
2018,1,2018-12-10,Cameroon,Angola,16,25,476,1,0
2018,1,2018-12-10,Senegal,D.R. Congo,22,21,477,1,0
2018,3,2018-12-10,Serbia,Montenegro,27,28,478,1,0
2018,3,2018-12-10,Denmark,Russia,21,32,479,1,0
2018,1,2018-12-11,Tunisia,Congo,23,31,480,1,0
2018,3,2018-12-11,Netherlands,Norway,16,29,481,1,0
2018,3,2018-12-11,Spain,Romania,25,27,482,1,0
2018,1,2018-12-12,Senegal,Angola,14,19,483,1,0
2018,1,2018-12-12,D.R. Congo,Cameroon,33,22,484,1,0
2018,3,2018-12-12,Netherlands,Germany,27,21,485,1,0
2018,3,2018-12-12,Serbia,France,28,38,486,1,0
2018,3,2018-12-12,Hungary,Romania,31,29,487,1,0
2018,3,2018-12-12,Sweden,Russia,39,30,488,1,0
2018,3,2018-12-12,Denmark,Montenegro,24,23,489,1,0
2018,3,2018-12-12,Spain,Norway,26,33,490,1,0
2018,3,2018-12-14,Netherlands,France,21,27,491,1,0
2018,3,2018-12-14,Russia,Romania,28,22,492,1,0
2018,3,2018-12-14,Sweden,Norway,29,38,493,1,0
2018,3,2018-12-16,Russia,France,21,24,494,1,0
2018,3,2018-12-16,Romania,Netherlands,20,24,495,1,0
2019,4,2019-03-21,Spain,Switzerland,35,18,496,0,1
2019,4,2019-03-21,Brazil,Serbia,27,29,497,0,1
2019,4,2019-03-22,Spain,Serbia,31,28,498,0,1
2019,4,2019-03-22,Croatia,Czech Republic,30,24,499,0,1
2019,4,2019-03-22,Sweden,Russia,27,24,500,0,1
2019,4,2019-03-22,Argentina,Slovakia,27,33,501,0,1
2019,4,2019-03-22,Netherlands,Germany,29,26,502,0,1
2019,4,2019-03-22,Switzerland,Brazil,16,28,503,0,1
2019,4,2019-03-22,Austria,Slovenia,23,23,504,0,1
2019,4,2019-03-22,Poland,Iceland,21,19,505,0,1
2019,4,2019-03-22,North Macedonia,Montenegro,21,22,506,0,1
2019,4,2019-03-22,Belarus,Ukraine,36,28,507,0,1
2019,4,2019-03-23,Iceland,Argentina,31,26,508,0,1
2019,4,2019-03-23,Croatia,Austria,21,22,509,0,1
2019,4,2019-03-23,Poland,Slovakia,29,23,510,0,1
2019,4,2019-03-23,Slovenia,Czech Republic,25,26,511,0,1
2019,4,2019-03-23,Spain,Brazil,28,25,512,0,1
2019,4,2019-03-23,Germany,Netherlands,29,28,513,0,1
2019,4,2019-03-23,Sweden,Russia,28,26,514,0,1
2019,4,2019-03-23,Serbia,Switzerland,31,21,515,0,1
2019,4,2019-03-23,North Macedonia,Montenegro,21,17,516,0,1
2019,4,2019-03-23,Belarus,Ukraine,36,29,517,0,1
2019,4,2019-03-24,Slovakia,Iceland,28,30,518,0,1
2019,4,2019-03-24,Poland,Argentina,26,23,519,0,1
2019,4,2019-03-24,Croatia,Slovenia,28,27,520,0,1
2019,4,2019-03-24,Hungary,Japan,33,21,521,0,1
2019,4,2019-03-24,Austria,Czech Republic,25,28,522,0,1
2019,4,2019-05-28,Norway,Sweden,36,20,523,0,1
2019,4,2019-05-31,Netherlands,Russia,30,31,524,0,1
2019,4,2019-05-31,Angola,Japan,26,21,525,0,1
2019,6,2019-05-31,Spain,Iceland,35,26,526,1,0
2019,6,2019-05-31,Serbia,Poland,33,19,527,1,0
2019,6,2019-05-31,Czech Republic,Montenegro,26,24,528,1,0
2019,6,2019-05-31,Belarus,Norway,21,34,529,1,0
2019,4,2019-06-01,Romania,Japan,28,27,530,0,1
2019,4,2019-06-01,Netherlands,Russia,33,26,531,0,1
2019,6,2019-06-01,Sweden,Slovakia,33,18,532,1,0
2019,6,2019-06-01,Denmark,Switzerland,35,22,533,1,0
2019,4,2019-06-02,Romania,Angola,21,21,534,0,1
2019,6,2019-06-02,North Macedonia,Slovenia,30,33,535,1,0
2019,6,2019-06-02,Austria,Hungary,23,41,536,1,0
2019,6,2019-06-02,Croatia,Germany,24,24,537,1,0
2019,6,2019-06-05,Montenegro,Czech Republic,25,23,538,1,0
2019,6,2019-06-05,Norway,Belarus,31,28,539,1,0
2019,6,2019-06-05,Germany,Croatia,25,21,540,1,0
2019,6,2019-06-05,Switzerland,Denmark,14,26,541,1,0
2019,6,2019-06-05,Hungary,Austria,28,19,542,1,0
2019,6,2019-06-06,Iceland,Spain,32,31,543,1,0
2019,6,2019-06-06,Slovenia,North Macedonia,38,27,544,1,0
2019,6,2019-06-06,Poland,Serbia,30,27,545,1,0
2019,6,2019-06-06,Slovakia,Sweden,24,45,546,1,0
2019,4,2019-07-27,Norway,Denmark,24,28,547,0,1
2020,5,2019-09-23,Kazakhstan,Hong Kong,30,16,548,1,0
2020,5,2019-09-24,South Korea,Kazakhstan,29,25,549,1,0
2019,4,2019-09-26,Brazil,Japan,26,26,550,0,1
2019,4,2019-09-26,Norway,Argentina,37,23,551,0,1
2020,5,2019-09-26,Angola,D.R. Congo,29,21,552,1,0
2020,5,2019-09-26,China,Hong Kong,34,10,553,1,0
2019,4,2019-09-27,Japan,Argentina,27,18,554,0,1
2019,4,2019-09-27,Norway,Brazil,29,24,555,0,1
2020,5,2019-09-27,D.R. Congo,Senegal,18,29,556,1,0
2020,5,2019-09-27,Kazakhstan,China,19,26,557,1,0
2020,5,2019-09-27,Hong Kong,South Korea,13,41,558,1,0
2019,4,2019-09-29,Norway,Japan,28,22,559,0,1
2019,4,2019-09-29,Argentina,Brazil,20,27,560,0,1
2020,5,2019-09-29,Senegal,Angola,14,22,561,1,0
2020,5,2019-09-29,China,South Korea,20,32,562,1,0
2019,4,2019-10-23,Croatia,Germany,21,21,563,0,1
2019,4,2019-10-26,Germany,Croatia,32,23,564,0,1
2019,4,2019-11-21,Germany,Montenegro,29,33,565,0,1
2019,4,2019-11-21,Czech Republic,Switzerland,35,30,566,0,1
2019,4,2019-11-21,Japan,Slovenia,28,28,567,0,1
2019,4,2019-11-21,France,Brazil,33,22,568,0,1
2019,4,2019-11-22,Poland,Lithuania,37,19,569,0,1
2019,4,2019-11-22,Ukraine,Belarus,22,31,570,0,1
2019,4,2019-11-22,Austria,Switzerland,23,27,571,0,1
2019,4,2019-11-22,North Macedonia,Italy,29,29,572,0,1
2019,4,2019-11-22,South Korea,Serbia,27,28,573,0,1
2019,4,2019-11-22,Russia,Hungary,29,25,574,0,1
2019,4,2019-11-23,Poland,Ukraine,30,17,575,0,1
2019,4,2019-11-23,Lithuania,Belarus,23,36,576,0,1
2019,4,2019-11-23,Czech Republic,Austria,24,26,577,0,1
2019,4,2019-11-23,Turkey,North Macedonia,42,33,578,0,1
2019,4,2019-11-23,Japan,France,23,28,579,0,1
2019,4,2019-11-23,South Korea,Hungary,25,31,580,0,1
2019,4,2019-11-23,Slovenia,Brazil,33,29,581,0,1
2019,4,2019-11-23,Serbia,Russia,25,43,582,0,1
2019,4,2019-11-23,Kosovo,Italy,31,26,583,0,1
2019,4,2019-11-24,Poland,Belarus,34,29,584,0,1
2019,4,2019-11-24,Turkey,Kosovo,34,28,585,0,1
2019,4,2019-11-24,Lithuania,Ukraine,22,27,586,0,1
2019,4,2019-11-24,Slovenia,France,21,33,587,0,1
2019,4,2019-11-24,Japan,Brazil,22,28,588,0,1
2019,4,2019-11-25,Italy,Turkey,26,28,589,0,1
2019,4,2019-11-25,North Macedonia,Kosovo,30,27,590,0,1
2019,4,2019-11-25,South Korea,Russia,22,29,591,0,1
2019,4,2019-11-25,Hungary,Serbia,23,25,592,0,1
2019,4,2019-11-26,Finland,Slovakia,25,37,593,0,1
2019,4,2019-11-26,Romania,Netherlands,23,32,594,0,1
2019,6,2019-11-30,Norway,Cuba,47,16,595,1,0
2019,6,2019-11-30,Sweden,D.R. Congo,26,16,596,1,0
2019,6,2019-11-30,France,South Korea,27,29,597,1,0
2019,6,2019-11-30,Hungary,Kazakhstan,39,15,598,1,0
2019,6,2019-11-30,Netherlands,Slovenia,26,32,599,1,0
2019,6,2019-11-30,Romania,Spain,16,31,600,1,0
2019,6,2019-11-30,Russia,China,26,11,601,1,0
2019,6,2019-11-30,Germany,Brazil,30,24,602,1,0
2019,6,2019-11-30,Japan,Argentina,24,20,603,1,0
2019,6,2019-11-30,Montenegro,Senegal,29,25,604,1,0
2019,6,2019-11-30,Serbia,Angola,32,25,605,1,0
2019,6,2019-12-01,South Korea,Denmark,26,26,606,1,0
2019,6,2019-12-01,Senegal,Romania,24,29,607,1,0
2019,6,2019-12-01,Spain,Hungary,29,25,608,1,0
2019,6,2019-12-01,Brazil,France,19,19,609,1,0
2019,6,2019-12-01,Kazakhstan,Montenegro,21,30,610,1,0
2019,6,2019-12-02,China,Sweden,19,32,611,1,0
2019,6,2019-12-02,Slovenia,Norway,20,36,612,1,0
2019,6,2019-12-02,D.R. Congo,Japan,16,28,613,1,0
2019,6,2019-12-02,Angola,Netherlands,28,35,614,1,0
2019,6,2019-12-02,Argentina,Russia,22,35,615,1,0
2019,6,2019-12-02,Cuba,Serbia,27,46,616,1,0
2019,6,2019-12-03,Denmark,Germany,25,26,617,1,0
2019,6,2019-12-03,Norway,Serbia,28,25,618,1,0
2019,6,2019-12-03,Sweden,Japan,34,26,619,1,0
2019,6,2019-12-03,Romania,Kazakhstan,22,20,620,1,0
2019,6,2019-12-03,Slovenia,Angola,24,33,621,1,0
2019,6,2019-12-03,China,Argentina,28,34,622,1,0
2019,6,2019-12-03,Hungary,Montenegro,24,25,623,1,0
2019,6,2019-12-03,Netherlands,Cuba,51,23,624,1,0
2019,6,2019-12-03,South Korea,Brazil,33,27,625,1,0
2019,6,2019-12-03,Spain,Senegal,29,20,626,1,0
2019,6,2019-12-03,Russia,D.R. Congo,34,13,627,1,0
2019,6,2019-12-04,Denmark,Brazil,24,18,628,1,0
2019,6,2019-12-04,Germany,France,25,27,629,1,0
2019,6,2019-12-04,Hungary,Senegal,30,20,630,1,0
2019,6,2019-12-04,Kazakhstan,Spain,16,43,631,1,0
2019,6,2019-12-04,Montenegro,Romania,27,26,632,1,0
2019,6,2019-12-05,Norway,Angola,30,24,633,1,0
2019,6,2019-12-05,Sweden,Argentina,30,23,634,1,0
2019,6,2019-12-05,Japan,Russia,23,33,635,1,0
2019,6,2019-12-05,Serbia,Netherlands,23,36,636,1,0
2019,6,2019-12-05,Cuba,Slovenia,26,39,637,1,0
2019,6,2019-12-05,D.R. Congo,China,25,24,638,1,0
2019,6,2019-12-06,France,Denmark,18,20,639,1,0
2019,6,2019-12-06,Netherlands,Norway,30,28,640,1,0
2019,6,2019-12-06,Russia,Sweden,30,22,641,1,0
2019,6,2019-12-06,Germany,South Korea,27,27,642,1,0
2019,6,2019-12-06,Romania,Hungary,28,27,643,1,0
2019,6,2019-12-06,Angola,Cuba,40,30,644,1,0
2019,6,2019-12-06,Argentina,D.R. Congo,25,16,645,1,0
2019,6,2019-12-06,Japan,China,35,18,646,1,0
2019,6,2019-12-06,Montenegro,Spain,26,27,647,1,0
2019,6,2019-12-06,Senegal,Kazakhstan,30,20,648,1,0
2019,6,2019-12-06,Serbia,Slovenia,29,27,649,1,0
2019,6,2019-12-08,Norway,Denmark,22,19,650,1,0
2019,6,2019-12-08,Spain,Sweden,28,28,651,1,0
2019,6,2019-12-08,Montenegro,Japan,30,26,652,1,0
2019,6,2019-12-08,Netherlands,Germany,23,25,653,1,0
2019,6,2019-12-08,Senegal,D.R. Congo,28,23,654,1,0
2019,6,2019-12-08,Romania,Russia,18,27,655,1,0
2019,6,2019-12-08,Serbia,South Korea,36,33,656,1,0
2019,6,2019-12-08,Slovenia,Brazil,19,32,657,1,0
2019,6,2019-12-08,Angola,France,17,28,658,1,0
2019,6,2019-12-08,Hungary,Argentina,34,26,659,1,0
2019,6,2019-12-08,Kazakhstan,China,29,23,660,1,0
2019,6,2019-12-09,South Korea,Norway,25,36,661,1,0
2019,6,2019-12-09,Denmark,Netherlands,27,24,662,1,0
2019,6,2019-12-09,France,Hungary,26,21,663,1,0
2019,6,2019-12-09,Brazil,Senegal,22,18,664,1,0
2019,6,2019-12-09,Germany,Serbia,28,29,665,1,0
2019,6,2019-12-09,Argentina,Angola,27,30,666,1,0
2019,6,2019-12-09,Slovenia,D.R. Congo,29,27,667,1,0
2019,6,2019-12-09,Cuba,Kazakhstan,33,31,668,1,0
2019,6,2019-12-10,Sweden,Romania,34,22,669,1,0
2019,6,2019-12-10,Japan,Spain,31,33,670,1,0
2019,6,2019-12-10,Russia,Montenegro,35,28,671,1,0
2019,6,2019-12-11,Montenegro,Sweden,26,23,672,1,0
2019,6,2019-12-11,Norway,Germany,32,29,673,1,0
2019,6,2019-12-11,Romania,Japan,20,37,674,1,0
2019,6,2019-12-11,Serbia,Denmark,26,26,675,1,0
2019,6,2019-12-11,Netherlands,South Korea,40,33,676,1,0
2019,6,2019-12-11,Spain,Russia,26,36,677,1,0
2019,6,2019-12-13,Norway,Spain,22,28,678,1,0
2019,6,2019-12-13,Russia,Netherlands,32,33,679,1,0
2019,6,2019-12-13,Germany,Sweden,24,35,680,1,0
2019,6,2019-12-13,Serbia,Montenegro,26,28,681,1,0
2019,6,2019-12-15,Spain,Netherlands,29,30,682,1,0
2019,6,2019-12-15,Norway,Russia,28,33,683,1,0
2020,5,2020-03-19,Spain,Sweden,28,28,684,1,0
2020,5,2020-03-19,Russia,Serbia,29,24,685,1,0
2020,5,2020-03-19,Norway,Montenegro,23,28,686,1,0
2020,5,2020-03-19,Kazakhstan,Hungary,19,46,687,1,0
2020,5,2020-03-20,Russia,Kazakhstan,33,26,688,1,0
2020,5,2020-03-20,Norway,Romania,29,24,689,1,0
2020,5,2020-03-20,Sweden,Argentina,34,21,690,1,0
2020,5,2020-03-20,Serbia,Hungary,23,31,691,1,0
2020,5,2020-03-21,Hungary,Russia,23,29,692,1,0
2020,5,2020-03-21,Argentina,Spain,16,31,693,1,0
2020,5,2020-03-21,Serbia,Kazakhstan,42,30,694,1,0
2020,5,2020-03-21,Montenegro,Romania,25,28,695,1,0
2020,3,2020-05-31,Israel,Greece,21,28,696,1,0
2020,3,2020-05-31,Finland,Luxembourg,24,27,697,1,0
2020,3,2020-06-01,Greece,Finland,31,14,698,1,0
2020,3,2020-06-01,Luxembourg,Israel,24,33,699,1,0
2020,3,2020-06-02,Greece,Luxembourg,27,14,700,1,0
2020,3,2020-06-02,Israel,Finland,26,26,701,1,0
2020,5,2020-07-25,Hungary,France,29,30,702,1,0
2020,5,2020-07-25,Spain,Sweden,24,31,703,1,0
2020,5,2020-07-25,Norway,South Korea,39,27,704,1,0
2020,5,2020-07-25,Montenegro,Angola,33,22,705,1,0
2020,5,2020-07-25,Netherlands,Japan,32,21,706,1,0
2020,5,2020-07-27,France,Spain,25,28,707,1,0
2020,5,2020-07-27,Angola,Norway,21,30,708,1,0
2020,5,2020-07-27,South Korea,Netherlands,36,43,709,1,0
2020,5,2020-07-27,Brazil,Hungary,33,27,710,1,0
2020,5,2020-07-27,Japan,Montenegro,29,26,711,1,0
2020,5,2020-07-29,Sweden,France,28,28,712,1,0
2020,5,2020-07-29,Montenegro,Norway,23,35,713,1,0
2020,5,2020-07-29,Japan,South Korea,24,27,714,1,0
2020,5,2020-07-29,Spain,Brazil,27,23,715,1,0
2020,5,2020-07-29,Netherlands,Angola,37,28,716,1,0
2020,5,2020-07-31,Norway,Netherlands,29,27,717,1,0
2020,5,2020-07-31,Hungary,Spain,29,25,718,1,0
2020,5,2020-07-31,Brazil,Sweden,31,34,719,1,0
2020,5,2020-07-31,Montenegro,South Korea,28,26,720,1,0
2020,5,2020-07-31,Angola,Japan,28,25,721,1,0
2020,5,2020-08-02,Norway,Japan,37,25,722,1,0
2020,5,2020-08-02,Netherlands,Montenegro,30,29,723,1,0
2020,5,2020-08-02,Hungary,Sweden,26,23,724,1,0
2020,5,2020-08-02,France,Brazil,29,22,725,1,0
2020,5,2020-08-02,South Korea,Angola,31,31,726,1,0
2020,5,2020-08-04,France,Netherlands,32,22,727,1,0
2020,5,2020-08-04,Sweden,South Korea,39,30,728,1,0
2020,5,2020-08-04,Norway,Hungary,26,22,729,1,0
2020,5,2020-08-06,France,Sweden,29,27,730,1,0
2020,5,2020-08-08,Norway,Sweden,36,19,731,1,0
2020,3,2020-09-25,Poland,Faroe Islands,28,16,732,1,0
2020,3,2020-09-25,Czech Republic,Portugal,31,20,733,1,0
2020,3,2020-09-25,France,Turkey,38,17,734,1,0
2020,3,2020-09-25,Hungary,Lithuania,33,19,735,1,0
2020,3,2020-09-25,Germany,Belarus,40,30,736,1,0
2020,3,2020-09-25,Russia,Slovakia,34,15,737,1,0
2020,3,2020-09-25,Croatia,Iceland,29,8,738,1,0
2020,3,2020-09-25,Montenegro,Italy,41,17,739,1,0
2020,3,2020-09-25,Serbia,Switzerland,35,23,740,1,0
2020,3,2020-09-25,Romania,Ukraine,27,24,741,1,0
2020,3,2020-09-26,Spain,Greece,33,18,742,1,0
2020,3,2020-09-26,Netherlands,Austria,32,24,743,1,0
2020,3,2020-09-26,Sweden,North Macedonia,35,26,744,1,0
2020,3,2020-09-26,Slovenia,Kosovo,32,23,745,1,0
2020,3,2020-09-28,North Macedonia,Czech Republic,29,37,746,1,0
2020,3,2020-09-28,Ukraine,Poland,26,27,747,1,0
2020,3,2020-09-28,Portugal,Sweden,19,38,748,1,0
2020,3,2020-09-29,Austria,Spain,22,28,749,1,0
2020,3,2020-09-29,Kosovo,Germany,15,34,750,1,0
2020,3,2020-09-29,Faroe Islands,Romania,20,25,751,1,0
2020,3,2020-09-29,Iceland,France,17,23,752,1,0
2020,3,2020-09-29,Italy,Hungary,10,30,753,1,0
2020,3,2020-09-29,Slovakia,Serbia,26,27,754,1,0
2020,3,2020-09-29,Switzerland,Russia,26,35,755,1,0
2020,3,2020-09-29,Turkey,Croatia,21,30,756,1,0
2020,3,2020-09-29,Greece,Netherlands,18,43,757,1,0
2020,3,2020-09-29,Lithuania,Montenegro,24,32,758,1,0
2020,3,2020-09-29,Belarus,Slovenia,29,31,759,1,0
2020,4,2020-10-01,Germany,Netherlands,27,25,760,0,1
2020,4,2020-10-01,Sweden,Poland,21,19,761,0,1
2020,4,2020-10-03,Sweden,Poland,27,21,762,0,1
2020,4,2020-10-03,Germany,Netherlands,26,32,763,0,1
2020,4,2020-11-25,Denmark,Norway,25,27,764,0,1
2020,4,2020-11-26,Denmark,Norway,26,29,765,0,1
2020,4,2020-11-27,Spain,Slovakia,32,21,766,0,1
2020,4,2020-11-28,Sweden,Hungary,27,28,767,0,1
2020,4,2020-11-29,Sweden,Hungary,31,25,768,0,1
2020,4,2020-11-29,Spain,Slovakia,24,22,769,0,1
2020,3,2020-12-03,Norway,Poland,35,22,770,1,0
2020,3,2020-12-03,Sweden,Czech Republic,27,23,771,1,0
2020,3,2020-12-03,Russia,Spain,31,22,772,1,0
2020,3,2020-12-03,Romania,Germany,19,22,773,1,0
2020,3,2020-12-04,Denmark,Slovenia,30,23,774,1,0
2020,3,2020-12-04,France,Montenegro,24,23,775,1,0
2020,3,2020-12-04,Hungary,Croatia,22,24,776,1,0
2020,3,2020-12-05,Netherlands,Serbia,25,29,777,1,0
2020,3,2020-12-05,Spain,Sweden,23,23,778,1,0
2020,3,2020-12-05,Czech Republic,Russia,22,24,779,1,0
2020,3,2020-12-05,Germany,Norway,23,42,780,1,0
2020,3,2020-12-05,Poland,Romania,24,28,781,1,0
2020,3,2020-12-06,Montenegro,Denmark,19,28,782,1,0
2020,3,2020-12-06,Croatia,Netherlands,27,25,783,1,0
2020,3,2020-12-06,Slovenia,France,17,27,784,1,0
2020,3,2020-12-06,Serbia,Hungary,26,38,785,1,0
2020,3,2020-12-07,Romania,Norway,20,28,786,1,0
2020,3,2020-12-07,Russia,Sweden,30,26,787,1,0
2020,3,2020-12-07,Germany,Poland,21,21,788,1,0
2020,3,2020-12-07,Spain,Czech Republic,27,24,789,1,0
2020,3,2020-12-08,France,Denmark,23,20,790,1,0
2020,3,2020-12-08,Netherlands,Hungary,28,24,791,1,0
2020,3,2020-12-08,Montenegro,Slovenia,26,25,792,1,0
2020,3,2020-12-08,Serbia,Croatia,24,25,793,1,0
2020,3,2020-12-10,France,Spain,26,25,794,1,0
2020,3,2020-12-10,Netherlands,Norway,25,32,795,1,0
2020,3,2020-12-10,Croatia,Romania,25,20,796,1,0
2020,3,2020-12-10,Montenegro,Russia,23,24,797,1,0
2020,3,2020-12-11,Denmark,Sweden,24,22,798,1,0
2020,3,2020-12-11,France,Russia,28,28,799,1,0
2020,3,2020-12-12,Croatia,Norway,25,36,800,1,0
2020,3,2020-12-12,Hungary,Germany,25,32,801,1,0
2020,3,2020-12-13,Denmark,Spain,34,24,802,1,0
2020,3,2020-12-13,Montenegro,Sweden,31,25,803,1,0
2020,3,2020-12-14,Hungary,Romania,26,24,804,1,0
2020,3,2020-12-14,Netherlands,Germany,28,27,805,1,0
2020,3,2020-12-15,Denmark,Russia,30,23,806,1,0
2020,3,2020-12-15,Hungary,Norway,21,32,807,1,0
2020,3,2020-12-15,Croatia,Germany,23,20,808,1,0
2020,3,2020-12-15,France,Sweden,31,25,809,1,0
2020,3,2020-12-15,Montenegro,Spain,26,26,810,1,0
2020,3,2020-12-15,Netherlands,Romania,35,24,811,1,0
2020,3,2020-12-18,Norway,Denmark,27,24,812,1,0
2020,3,2020-12-18,France,Croatia,30,19,813,1,0
2020,3,2020-12-18,Russia,Netherlands,33,27,814,1,0
2020,3,2020-12-20,France,Norway,20,22,815,1,0
2020,3,2020-12-20,Croatia,Denmark,25,19,816,1,0
2021,4,2021-03-18,France,Denmark,26,22,817,0,1
2021,4,2021-03-18,Poland,Czech Republic,24,21,818,0,1
2021,4,2021-03-19,Poland,Czech Republic,28,28,819,0,1
2021,6,2021-03-19,Israel,Luxembourg,22,18,820,1,0
2021,6,2021-03-19,Lithuania,Greece,27,26,821,1,0
2021,6,2021-03-19,Kosovo,Austria,20,26,822,1,0
2021,6,2021-03-19,North Macedonia,Iceland,24,17,823,1,0
2021,6,2021-03-19,Slovakia,Ukraine,31,28,824,1,0
2021,6,2021-03-19,Faroe Islands,Belarus,13,21,825,1,0
2021,4,2021-03-20,France,Denmark,24,23,826,0,1
2021,6,2021-03-20,Iceland,Greece,31,19,827,1,0
2021,6,2021-03-20,Italy,Kosovo,24,22,828,1,0
2021,6,2021-03-20,Ukraine,Luxembourg,28,21,829,1,0
2021,6,2021-03-20,North Macedonia,Lithuania,31,21,830,1,0
2021,6,2021-03-20,Slovakia,Israel,37,19,831,1,0
2021,6,2021-03-20,Switzerland,Faroe Islands,26,18,832,1,0
2021,6,2021-03-21,Iceland,Lithuania,33,23,833,1,0
2021,6,2021-03-21,Luxembourg,Slovakia,17,37,834,1,0
2021,6,2021-03-21,Greece,North Macedonia,19,20,835,1,0
2021,6,2021-03-21,Austria,Italy,37,22,836,1,0
2021,6,2021-03-21,Ukraine,Israel,31,24,837,1,0
2021,6,2021-03-21,Belarus,Switzerland,25,25,838,1,0
2021,4,2021-04-13,Belarus,Ukraine,24,27,839,0,1
2021,4,2021-04-14,Croatia,Netherlands,24,23,840,0,1
2021,4,2021-04-14,Belarus,Ukraine,29,21,841,0,1
2021,4,2021-04-15,Denmark,Spain,30,27,842,0,1
2021,4,2021-04-15,Netherlands,Brazil,19,25,843,0,1
2021,4,2021-04-16,Croatia,Brazil,24,21,844,0,1
2021,6,2021-04-16,Austria,Poland,29,29,845,1,0
2021,6,2021-04-16,Montenegro,Belarus,29,23,846,1,0
2021,6,2021-04-16,Turkey,Russia,23,35,847,1,0
2021,6,2021-04-16,Hungary,Italy,46,19,848,1,0
2021,4,2021-04-17,Denmark,Spain,27,23,849,0,1
2021,6,2021-04-17,Portugal,Germany,27,32,850,1,0
2021,6,2021-04-17,Czech Republic,Switzerland,27,27,851,1,0
2021,6,2021-04-17,Slovakia,Serbia,19,26,852,1,0
2021,6,2021-04-17,Slovenia,Iceland,24,14,853,1,0
2021,6,2021-04-17,Romania,North Macedonia,33,22,854,1,0
2021,6,2021-04-17,Ukraine,Sweden,14,28,855,1,0
2021,6,2021-04-18,Italy,Hungary,12,41,856,1,0
2021,6,2021-04-20,Switzerland,Czech Republic,22,28,857,1,0
2021,6,2021-04-20,Russia,Turkey,45,24,858,1,0
2021,6,2021-04-20,Poland,Austria,26,29,859,1,0
2021,6,2021-04-20,Germany,Portugal,34,23,860,1,0
2021,6,2021-04-20,Belarus,Montenegro,24,26,861,1,0
2021,6,2021-04-21,Iceland,Slovenia,21,21,862,1,0
2021,6,2021-04-21,Sweden,Ukraine,22,26,863,1,0
2021,6,2021-04-21,Serbia,Slovakia,32,25,864,1,0
2021,6,2021-04-21,North Macedonia,Romania,20,35,865,1,0
2022,3,2021-06-03,Portugal,Luxembourg,38,14,866,1,0
2022,3,2021-06-04,Finland,Faroe Islands,19,21,867,1,0
2022,3,2021-06-04,Luxembourg,Kosovo,27,33,868,1,0
2022,3,2021-06-04,Greece,Bosnia & Herzegovina,29,18,869,1,0
2022,3,2021-06-04,Italy,Latvia,10,0,870,1,0
2022,3,2021-06-05,Portugal,Kosovo,30,17,871,1,0
2022,3,2021-06-05,Israel,Finland,24,28,872,1,0
2022,3,2021-06-05,Latvia,Greece,17,34,873,1,0
2022,3,2021-06-05,Bosnia & Herzegovina,Italy,25,22,874,1,0
2022,3,2021-06-06,Faroe Islands,Israel,29,25,875,1,0
2022,3,2021-06-06,Greece,Italy,33,22,876,1,0
2022,3,2021-06-06,Bosnia & Herzegovina,Latvia,31,19,877,1,0
2021,1,2021-06-12,D.R. Congo,Cameroon,21,26,878,1,0
2021,1,2021-06-13,Angola,Congo,29,24,879,1,0
2021,1,2021-06-13,Senegal,Tunisia,13,30,880,1,0
2021,1,2021-06-15,Congo,Senegal,21,20,881,1,0
2021,1,2021-06-15,Angola,D.R. Congo,29,20,882,1,0
2021,1,2021-06-16,Cameroon,Congo,22,21,883,1,0
2021,1,2021-06-16,Tunisia,Angola,23,27,884,1,0
2021,1,2021-06-17,D.R. Congo,Senegal,14,24,885,1,0
2021,1,2021-06-18,Angola,Cameroon,25,15,886,1,0
2021,1,2021-06-18,Tunisia,Congo,22,17,887,1,0
2021,4,2021-07-02,Netherlands,Russia,30,29,888,0,1
2021,4,2021-07-03,Sweden,Russia,31,28,889,0,1
2021,4,2021-07-04,France,Norway,21,30,890,0,1
2021,4,2021-07-04,Netherlands,Sweden,23,28,891,0,1
2021,4,2021-07-06,France,Norway,28,28,892,0,1
2021,4,2021-07-06,Hungary,Montenegro,28,22,893,0,1
2021,4,2021-07-09,Hungary,Brazil,34,31,894,0,1
2021,4,2021-07-11,Spain,Romania,32,19,895,0,1
2021,4,2021-07-12,Hungary,Brazil,24,23,896,0,1
2021,4,2021-07-19,Japan,France,20,41,897,0,1
2021,4,2021-07-20,Norway,Sweden,32,25,898,0,1
2021,4,2021-07-22,France,Montenegro,32,31,899,0,1
2021,2,2021-09-15,Japan,Iran,23,20,900,1,0
2021,2,2021-09-16,Kazakhstan,Hong Kong,31,29,901,1,0
2021,2,2021-09-19,South Korea,Hong Kong,40,10,902,1,0
2021,2,2021-09-21,Kazakhstan,South Korea,20,40,903,1,0
2021,2,2021-09-23,Japan,Kazakhstan,38,24,904,1,0
2021,2,2021-09-23,South Korea,Iran,46,21,905,1,0
2021,2,2021-09-25,Iran,Kazakhstan,33,38,906,1,0
2021,2,2021-09-25,South Korea,Japan,33,24,907,1,0
2022,3,2021-10-06,France,Czech Republic,38,22,908,1,0
2022,3,2021-10-06,Spain,Slovakia,33,28,909,1,0
2022,3,2021-10-06,Russia,Switzerland,26,22,910,1,0
2022,3,2021-10-06,Hungary,Portugal,34,24,911,1,0
2022,3,2021-10-06,Netherlands,Belarus,38,27,912,1,0
2022,3,2021-10-06,Poland,Lithuania,36,22,913,1,0
2022,3,2021-10-06,Serbia,Turkey,36,27,914,1,0
2022,3,2021-10-06,Romania,Faroe Islands,26,19,915,1,0
2022,3,2021-10-07,Germany,Greece,36,10,916,1,0
2022,3,2021-10-07,Denmark,Austria,27,22,917,1,0
2022,3,2021-10-07,Sweden,Iceland,30,17,918,1,0
2022,3,2021-10-07,Croatia,Ukraine,22,23,919,1,0
2022,3,2021-10-09,Lithuania,Russia,21,35,920,1,0
2022,3,2021-10-10,Germany,Belarus,24,24,921,1,0
2022,3,2021-10-10,Slovakia,Hungary,28,30,922,1,0
2022,3,2021-10-10,Austria,Romania,33,33,923,1,0
2022,3,2021-10-10,Iceland,Serbia,23,21,924,1,0
2022,3,2021-10-10,Portugal,Spain,22,23,925,1,0
2022,3,2021-10-10,Czech Republic,Croatia,24,26,926,1,0
2022,3,2021-10-10,Faroe Islands,Denmark,19,39,927,1,0
2022,3,2021-10-10,Turkey,Sweden,23,31,928,1,0
2022,3,2021-10-10,Ukraine,France,25,28,929,1,0
2022,3,2021-10-10,Greece,Netherlands,14,35,930,1,0
2022,3,2021-10-10,Switzerland,Poland,22,31,931,1,0
2021,4,2021-11-07,Germany,Russia,28,27,932,0,1
2021,4,2021-11-25,Austria,Portugal,25,26,933,0,1
2021,4,2021-11-26,Spain,Slovakia,35,15,934,0,1
2021,4,2021-11-26,France,Hungary,33,28,935,0,1
2021,4,2021-11-26,Switzerland,Iceland,22,30,936,0,1
2021,4,2021-11-26,Poland,Germany,27,31,937,0,1
2021,4,2021-11-26,Sweden,Montenegro,38,24,938,0,1
2021,4,2021-11-27,Austria,Portugal,30,31,939,0,1
2021,4,2021-11-27,Spain,Poland,32,25,940,0,1
2021,4,2021-11-27,Serbia,North Macedonia,33,25,941,0,1
2021,4,2021-11-27,Germany,Slovakia,32,25,942,0,1
2021,4,2021-11-27,Czech Republic,Iceland,27,25,943,0,1
2021,4,2021-11-27,Denmark,Ukraine,35,18,944,0,1
2021,4,2021-11-28,France,Hungary,29,28,945,0,1
2021,4,2021-11-28,Denmark,Ukraine,35,20,946,0,1
2021,4,2021-11-28,Sweden,Montenegro,38,24,947,0,1
2021,4,2021-11-28,Spain,Germany,23,22,948,0,1
2021,4,2021-11-28,Slovakia,Poland,24,35,949,0,1
2021,4,2021-11-29,Serbia,North Macedonia,20,19,950,0,1
2021,6,2021-12-01,Spain,Argentina,29,13,951,1,0
2021,6,2021-12-02,Denmark,Tunisia,35,16,952,1,0
2021,6,2021-12-02,Hungary,Slovakia,35,29,953,1,0
2021,6,2021-12-02,Japan,Paraguay,40,17,954,1,0
2021,6,2021-12-02,Austria,China,38,27,955,1,0
2021,6,2021-12-02,Croatia,Brazil,25,30,956,1,0
2021,6,2021-12-02,Germany,Czech Republic,31,21,957,1,0
2021,6,2021-12-02,South Korea,Congo,37,23,958,1,0
2021,6,2021-12-03,Montenegro,Slovenia,18,28,959,1,0
2021,6,2021-12-03,Norway,Kazakhstan,46,18,960,1,0
2021,6,2021-12-03,Serbia,Poland,25,21,961,1,0
2021,6,2021-12-03,France,Angola,30,20,962,1,0
2021,6,2021-12-03,Romania,Iran,39,11,963,1,0
2021,6,2021-12-04,China,Spain,18,33,964,1,0
2021,6,2021-12-04,Congo,Denmark,18,33,965,1,0
2021,6,2021-12-04,Hungary,Czech Republic,32,29,966,1,0
2021,6,2021-12-04,Japan,Brazil,25,29,967,1,0
2021,6,2021-12-04,Austria,Argentina,29,31,968,1,0
2021,6,2021-12-04,Paraguay,Croatia,16,38,969,1,0
2021,6,2021-12-04,Slovakia,Germany,22,36,970,1,0
2021,6,2021-12-04,South Korea,Tunisia,31,29,971,1,0
2021,6,2021-12-05,Iran,Norway,9,41,972,1,0
2021,6,2021-12-05,Montenegro,Angola,30,20,973,1,0
2021,6,2021-12-05,Serbia,Cameroon,43,18,974,1,0
2021,6,2021-12-05,Romania,Kazakhstan,38,17,975,1,0
2021,6,2021-12-05,Slovenia,France,18,29,976,1,0
2021,6,2021-12-06,Croatia,Japan,26,28,977,1,0
2021,6,2021-12-06,Denmark,South Korea,35,23,978,1,0
2021,6,2021-12-06,Germany,Hungary,25,24,979,1,0
2021,6,2021-12-06,Spain,Austria,31,19,980,1,0
2021,6,2021-12-06,Argentina,China,36,24,981,1,0
2021,6,2021-12-06,Brazil,Paraguay,33,19,982,1,0
2021,6,2021-12-06,Czech Republic,Slovakia,24,23,983,1,0
2021,6,2021-12-06,Tunisia,Congo,24,33,984,1,0
2021,6,2021-12-07,France,Montenegro,24,19,985,1,0
2021,6,2021-12-07,Netherlands,Sweden,31,31,986,1,0
2021,6,2021-12-07,Norway,Romania,33,22,987,1,0
2021,6,2021-12-07,Angola,Slovenia,25,25,988,1,0
2021,6,2021-12-07,Cameroon,Poland,19,33,989,1,0
2021,6,2021-12-07,Kazakhstan,Iran,31,25,990,1,0
2021,6,2021-12-08,Denmark,Hungary,30,19,991,1,0
2021,6,2021-12-08,Spain,Japan,28,26,992,1,0
2021,6,2021-12-08,Brazil,Austria,38,31,993,1,0
2021,6,2021-12-08,Germany,Congo,29,18,994,1,0
2021,6,2021-12-08,Paraguay,China,30,24,995,1,0
2021,6,2021-12-08,Croatia,Argentina,28,22,996,1,0
2021,6,2021-12-08,Czech Republic,South Korea,26,32,997,1,0
2021,6,2021-12-08,Slovakia,Tunisia,31,27,998,1,0
2021,6,2021-12-09,France,Poland,26,16,999,1,0
2021,6,2021-12-09,Kazakhstan,Sweden,20,55,1000,1,0
2021,6,2021-12-09,Montenegro,Serbia,25,27,1001,1,0
2021,6,2021-12-09,Netherlands,Romania,31,30,1002,1,0
2021,6,2021-12-09,Angola,Cameroon,35,24,1003,1,0
2021,6,2021-12-10,Croatia,Spain,23,27,1004,1,0
2021,6,2021-12-10,Czech Republic,Denmark,14,29,1005,1,0
2021,6,2021-12-10,Hungary,Congo,30,22,1006,1,0
2021,6,2021-12-10,Japan,Austria,32,30,1007,1,0
2021,6,2021-12-10,Tunisia,China,10,0,1008,1,0
2021,6,2021-12-10,Argentina,Brazil,19,24,1009,1,0
2021,6,2021-12-10,South Korea,Germany,28,37,1010,1,0
2021,6,2021-12-10,Slovakia,Paraguay,33,27,1011,1,0
2021,6,2021-12-11,Slovenia,Poland,26,27,1012,1,0
2021,6,2021-12-11,Sweden,Norway,30,30,1013,1,0
2021,6,2021-12-11,Kazakhstan,Netherlands,15,61,1014,1,0
2021,6,2021-12-11,Serbia,France,19,22,1015,1,0
2021,6,2021-12-11,Angola,Iran,41,8,1016,1,0
2021,6,2021-12-12,Denmark,Germany,32,16,1017,1,0
2021,6,2021-12-12,Spain,Brazil,27,24,1018,1,0
2021,6,2021-12-12,Austria,Croatia,27,23,1019,1,0
2021,6,2021-12-12,South Korea,Hungary,28,35,1020,1,0
2021,6,2021-12-12,Tunisia,Paraguay,35,28,1021,1,0
2021,6,2021-12-12,Argentina,Japan,27,31,1022,1,0
2021,6,2021-12-12,Congo,Czech Republic,21,24,1023,1,0
2021,6,2021-12-12,China,Slovakia,0,10,1024,1,0
2021,6,2021-12-13,Netherlands,Norway,34,37,1025,1,0
2021,6,2021-12-13,Serbia,Slovenia,31,25,1026,1,0
2021,6,2021-12-13,Sweden,Romania,34,30,1027,1,0
2021,6,2021-12-13,Cameroon,Iran,32,17,1028,1,0
2021,6,2021-12-13,Poland,Montenegro,33,28,1029,1,0
2021,6,2021-12-14,Spain,Germany,26,21,1030,1,0
2021,6,2021-12-14,Denmark,Brazil,30,25,1031,1,0
2021,6,2021-12-15,France,Sweden,31,26,1032,1,0
2021,6,2021-12-15,Angola,Slovakia,23,21,1033,1,0
2021,6,2021-12-15,Cameroon,Tunisia,29,35,1034,1,0
2021,6,2021-12-17,Norway,Spain,27,21,1035,1,0
2021,6,2021-12-17,France,Denmark,23,22,1036,1,0
2021,6,2021-12-19,France,Norway,22,29,1037,1,0
2021,6,2021-12-19,Denmark,Spain,35,28,1038,1,0
2022,3,2022-03-02,Faroe Islands,Austria,24,29,1039,1,0
2022,3,2022-03-02,Hungary,Spain,28,30,1040,1,0
2022,3,2022-03-02,Romania,Denmark,28,35,1041,1,0
2022,3,2022-03-02,Greece,Belarus,10,0,1042,1,0
2022,3,2022-03-02,Turkey,Iceland,30,29,1043,1,0
2022,3,2022-03-03,Portugal,Slovakia,24,21,1044,1,0
2022,3,2022-03-03,Germany,Netherlands,25,31,1045,1,0
2022,3,2022-03-03,Croatia,France,19,21,1046,1,0
2022,3,2022-03-03,Lithuania,Switzerland,30,36,1047,1,0
2022,3,2022-03-03,Poland,Russia,10,0,1048,1,0
2022,3,2022-03-03,Serbia,Sweden,24,21,1049,1,0
2022,3,2022-03-04,Czech Republic,Ukraine,5,5,1050,1,0
2022,3,2022-03-05,Spain,Hungary,27,30,1051,1,0
2022,3,2022-03-05,Ukraine,Czech Republic,5,5,1052,1,0
2022,3,2022-03-05,Austria,Faroe Islands,26,22,1053,1,0
2022,3,2022-03-05,Sweden,Serbia,33,25,1054,1,0
2022,3,2022-03-05,Denmark,Romania,32,27,1055,1,0
2022,3,2022-03-05,Netherlands,Germany,30,29,1056,1,0
2022,3,2022-03-06,France,Croatia,27,19,1057,1,0
2022,3,2022-03-06,Iceland,Turkey,29,22,1058,1,0
2022,3,2022-03-06,Switzerland,Lithuania,34,18,1059,1,0
2022,3,2022-03-06,Belarus,Greece,0,10,1060,1,0
2022,3,2022-03-06,Slovakia,Portugal,21,23,1061,1,0
2022,3,2022-03-06,Russia,Poland,0,10,1062,1,0
2022,3,2022-04-20,Iceland,Sweden,23,29,1063,1,0
2022,3,2022-04-20,Austria,Denmark,22,38,1064,1,0
2022,3,2022-04-20,Czech Republic,France,31,30,1065,1,0
2022,3,2022-04-20,Faroe Islands,Romania,21,31,1066,1,0
2022,3,2022-04-20,Slovakia,Spain,20,29,1067,1,0
2022,3,2022-04-20,Switzerland,Russia,10,0,1068,1,0
2022,3,2022-04-20,Lithuania,Poland,27,40,1069,1,0
2022,3,2022-04-20,Ukraine,Croatia,19,26,1070,1,0
2022,3,2022-04-20,Turkey,Serbia,30,36,1071,1,0
2022,3,2022-04-21,Portugal,Hungary,18,30,1072,1,0
2022,3,2022-04-21,Greece,Germany,11,40,1073,1,0
2022,3,2022-04-21,Belarus,Netherlands,0,10,1074,1,0
2022,4,2022-04-22,China,Belarus,22,37,1075,0,1
2022,3,2022-04-23,France,Ukraine,27,18,1076,1,0
2022,3,2022-04-23,Sweden,Turkey,33,21,1077,1,0
2022,3,2022-04-23,Serbia,Iceland,28,22,1078,1,0
2022,3,2022-04-23,Russia,Lithuania,0,10,1079,1,0
2022,3,2022-04-23,Denmark,Faroe Islands,26,15,1080,1,0
2022,3,2022-04-24,Spain,Portugal,31,21,1081,1,0
2022,3,2022-04-24,Croatia,Czech Republic,33,30,1082,1,0
2022,3,2022-04-24,Romania,Austria,38,29,1083,1,0
2022,3,2022-04-24,Poland,Switzerland,31,26,1084,1,0
2022,3,2022-04-24,Belarus,Germany,0,10,1085,1,0
2022,3,2022-04-24,Netherlands,Greece,40,11,1086,1,0
2022,3,2022-04-24,Hungary,Slovakia,25,19,1087,1,0
2022,4,2022-06-09,Denmark,Slovenia,38,30,1088,0,1
2022,4,2022-09-29,Romania,Austria,32,32,1089,0,1
2022,4,2022-09-29,Slovenia,Hungary,22,22,1090,0,1
2022,4,2022-09-29,Sweden,Brazil,31,25,1091,0,1
2022,4,2022-09-29,Serbia,Spain,30,28,1092,0,1
2022,4,2022-09-30,France,Germany,34,31,1093,0,1
2022,4,2022-09-30,Romania,Serbia,26,20,1094,0,1
2022,4,2022-09-30,Slovakia,Ukraine,29,30,1095,0,1
2022,4,2022-09-30,Austria,Spain,27,32,1096,0,1
2022,4,2022-10-01,Romania,Spain,25,23,1097,0,1
2022,4,2022-10-01,Slovenia,Hungary,21,19,1098,0,1
2022,4,2022-10-01,Slovakia,Ukraine,32,24,1099,0,1
2022,4,2022-10-01,Serbia,Austria,30,29,1100,0,1
2022,4,2022-10-01,Sweden,Brazil,33,30,1101,0,1
2022,4,2022-10-02,France,Germany,30,29,1102,0,1
2022,4,2022-10-28,France,Poland,33,26,1103,0,1
2022,4,2022-10-28,Spain,Tunisia,39,29,1104,0,1
2022,4,2022-10-28,Egypt,Switzerland,28,37,1105,0,1
2022,4,2022-10-28,Sweden,Czech Republic,36,20,1106,0,1
2022,4,2022-10-28,Montenegro,Slovakia,37,20,1107,0,1
2022,4,2022-10-29,Montenegro,Slovakia,33,24,1108,0,1
2022,4,2022-10-29,Spain,Egypt,34,23,1109,0,1
2022,4,2022-10-29,Hungary,Romania,33,28,1110,0,1
2022,4,2022-10-29,Slovenia,Croatia,22,23,1111,0,1
2022,4,2022-10-29,Switzerland,Tunisia,41,31,1112,0,1
2022,4,2022-10-30,France,Poland,30,19,1113,0,1
2022,4,2022-10-30,Sweden,Czech Republic,26,26,1114,0,1
2022,4,2022-10-30,Spain,Switzerland,37,26,1115,0,1
2022,4,2022-10-30,Tunisia,Egypt,27,24,1116,0,1
2022,4,2022-10-31,Hungary,Germany,20,31,1117,0,1
2022,4,2022-11-01,Czech Republic,Egypt,37,24,1118,0,1
2023,6,2022-11-01,Ukraine,Luxembourg,36,13,1119,1,0
2022,4,2022-11-02,Germany,Romania,29,29,1120,0,1
2023,6,2022-11-02,Luxembourg,Ukraine,11,30,1121,1,0
2023,6,2022-11-02,Slovakia,Latvia,46,21,1122,1,0
2023,6,2022-11-02,Bulgaria,Italy,19,26,1123,1,0
2023,6,2022-11-03,Azerbaijan,Portugal,19,32,1124,1,0
2023,6,2022-11-03,Austria,Finland,37,22,1125,1,0
2023,6,2022-11-03,Greece,Bosnia & Herzegovina,23,21,1126,1,0
2023,6,2022-11-03,Faroe Islands,Kosovo,24,27,1127,1,0
2022,3,2022-11-04,Norway,Croatia,32,23,1128,1,0
2022,3,2022-11-04,Sweden,Serbia,27,21,1129,1,0
2022,3,2022-11-04,Denmark,Slovenia,26,28,1130,1,0
2022,3,2022-11-04,Hungary,Switzerland,33,28,1131,1,0
2022,3,2022-11-05,Netherlands,Romania,29,28,1132,1,0
2022,3,2022-11-05,Poland,Germany,23,25,1133,1,0
2022,3,2022-11-05,France,North Macedonia,24,14,1134,1,0
2022,3,2022-11-05,Montenegro,Spain,30,23,1135,1,0
2023,6,2022-11-05,Portugal,Azerbaijan,36,12,1136,1,0
2023,6,2022-11-05,Kosovo,Faroe Islands,28,29,1137,1,0
2023,6,2022-11-05,Great Britain,Turkey,14,39,1138,1,0
2023,6,2022-11-05,Bosnia & Herzegovina,Greece,22,21,1139,1,0
2023,6,2022-11-05,Iceland,Israel,34,26,1140,1,0
2022,3,2022-11-06,Serbia,Denmark,21,34,1141,1,0
2022,3,2022-11-06,Switzerland,Norway,21,38,1142,1,0
2022,3,2022-11-06,Croatia,Hungary,21,18,1143,1,0
2022,3,2022-11-06,Slovenia,Sweden,22,33,1144,1,0
2023,6,2022-11-06,Italy,Bulgaria,33,29,1145,1,0
2023,6,2022-11-06,Turkey,Great Britain,44,16,1146,1,0
2023,6,2022-11-06,Israel,Iceland,24,33,1147,1,0
2023,6,2022-11-06,Latvia,Slovakia,17,43,1148,1,0
2023,6,2022-11-06,Finland,Austria,28,35,1149,1,0
2022,3,2022-11-07,Romania,France,21,35,1150,1,0
2022,3,2022-11-07,Spain,Poland,21,22,1151,1,0
2022,3,2022-11-07,Germany,Montenegro,25,29,1152,1,0
2022,3,2022-11-07,North Macedonia,Netherlands,15,30,1153,1,0
2022,3,2022-11-08,Denmark,Sweden,25,23,1154,1,0
2022,3,2022-11-08,Norway,Hungary,32,22,1155,1,0
2022,3,2022-11-08,Croatia,Switzerland,26,26,1156,1,0
2022,3,2022-11-08,Slovenia,Serbia,27,24,1157,1,0
2022,3,2022-11-09,France,Netherlands,26,24,1158,1,0
2022,3,2022-11-09,Germany,Spain,21,23,1159,1,0
2022,3,2022-11-09,North Macedonia,Romania,23,31,1160,1,0
2022,3,2022-11-09,Poland,Montenegro,23,26,1161,1,0
2022,1,2022-11-10,Egypt,Congo,20,21,1162,1,0
2022,3,2022-11-10,Hungary,Denmark,27,29,1163,1,0
2022,3,2022-11-10,Croatia,Slovenia,18,26,1164,1,0
2022,1,2022-11-11,Egypt,Tunisia,22,21,1165,1,0
2022,3,2022-11-11,Romania,Spain,28,27,1166,1,0
2022,3,2022-11-11,Netherlands,Germany,28,36,1167,1,0
2022,3,2022-11-12,Norway,Sweden,27,25,1168,1,0
2022,3,2022-11-12,Croatia,Denmark,17,26,1169,1,0
2022,1,2022-11-13,Tunisia,Congo,20,25,1170,1,0
2022,3,2022-11-13,France,Montenegro,27,19,1171,1,0
2022,3,2022-11-13,Netherlands,Spain,29,29,1172,1,0
2022,1,2022-11-14,Cameroon,Senegal,28,27,1173,1,0
2022,1,2022-11-14,Angola,D.R. Congo,35,22,1174,1,0
2022,3,2022-11-14,Hungary,Sweden,25,30,1175,1,0
2022,3,2022-11-14,Norway,Slovenia,26,23,1176,1,0
2022,3,2022-11-15,France,Germany,29,21,1177,1,0
2022,3,2022-11-15,Romania,Montenegro,34,35,1178,1,0
2022,1,2022-11-16,Egypt,Senegal,19,21,1179,1,0
2022,1,2022-11-16,Cameroon,D.R. Congo,23,22,1180,1,0
2022,1,2022-11-16,Angola,Tunisia,29,24,1181,1,0
2022,3,2022-11-16,France,Spain,36,23,1182,1,0
2022,3,2022-11-16,Norway,Denmark,29,31,1183,1,0
2022,3,2022-11-16,Croatia,Sweden,27,31,1184,1,0
2022,3,2022-11-16,Netherlands,Montenegro,42,25,1185,1,0
2022,3,2022-11-16,Hungary,Slovenia,29,25,1186,1,0
2022,3,2022-11-16,Romania,Germany,28,32,1187,1,0
2022,1,2022-11-17,Angola,Senegal,24,21,1188,1,0
2022,1,2022-11-17,Congo,Cameroon,25,27,1189,1,0
2022,1,2022-11-17,Tunisia,Egypt,24,22,1190,1,0
2022,1,2022-11-18,Tunisia,D.R. Congo,28,24,1191,1,0
2022,3,2022-11-18,Norway,France,28,20,1192,1,0
2022,3,2022-11-18,Denmark,Montenegro,27,23,1193,1,0
2022,3,2022-11-18,Sweden,Netherlands,37,32,1194,1,0
2022,1,2022-11-19,Cameroon,Angola,19,29,1195,1,0
2022,1,2022-11-19,Congo,Senegal,20,19,1196,1,0
2022,3,2022-11-20,Denmark,Norway,25,27,1197,1,0
2022,3,2022-11-20,Montenegro,France,27,25,1198,1,0
2022,2,2022-11-24,India,Iran,35,43,1199,1,0
2022,2,2022-11-24,China,Kazakhstan,28,26,1200,1,0
2022,2,2022-11-25,India,South Korea,8,38,1201,1,0
2022,2,2022-11-25,China,Japan,26,29,1202,1,0
2022,2,2022-11-25,Hong Kong,Kazakhstan,24,28,1203,1,0
2022,2,2022-11-27,China,Hong Kong,36,21,1204,1,0
2022,2,2022-11-28,Hong Kong,Japan,7,42,1205,1,0
2022,2,2022-11-30,South Korea,Iran,41,11,1206,1,0
2022,2,2022-11-30,Japan,Kazakhstan,33,21,1207,1,0
2022,2,2022-12-02,South Korea,China,34,16,1208,1,0
2022,2,2022-12-02,Japan,Iran,43,19,1209,1,0
2022,2,2022-12-03,India,Kazakhstan,31,42,1210,1,0
2022,2,2022-12-04,South Korea,Japan,34,29,1211,1,0
2022,2,2022-12-04,China,Iran,39,24,1212,1,0
2023,4,2023-03-02,Austria,Brazil,30,35,1213,0,1
2023,4,2023-03-02,Russia,Belarus,31,28,1214,0,1
2023,4,2023-03-02,Turkey,North Macedonia,25,24,1215,0,1
2023,4,2023-03-03,Portugal,Italy,27,22,1216,0,1
2023,4,2023-03-03,France,Sweden,24,18,1217,0,1
2023,4,2023-03-03,Germany,Hungary,26,20,1218,0,1
2023,4,2023-03-03,Romania,Ukraine,29,24,1219,0,1
2023,4,2023-03-03,Slovakia,Slovenia,20,31,1220,0,1
2023,4,2023-03-04,Austria,Brazil,33,37,1221,0,1
2023,4,2023-03-04,Hungary,Poland,29,31,1222,0,1
2023,4,2023-03-04,Italy,Spain,22,35,1223,0,1
2023,4,2023-03-04,Romania,Ukraine,29,23,1224,0,1
2023,4,2023-03-04,Slovakia,Slovenia,31,25,1225,0,1
2023,4,2023-03-04,Turkey,North Macedonia,31,30,1226,0,1
2023,4,2023-03-05,Portugal,Spain,20,19,1227,0,1
2023,4,2023-03-05,France,Sweden,24,22,1228,0,1
2023,4,2023-03-05,Germany,Poland,32,30,1229,0,1
2023,4,2023-04-05,Sweden,Denmark,34,30,1230,0,1
2023,4,2023-04-06,Norway,Montenegro,34,25,1231,0,1
2023,6,2023-04-06,Poland,Kosovo,36,22,1232,1,0
2023,4,2023-04-07,France,Brazil,22,18,1233,0,1
2023,6,2023-04-07,Slovakia,Croatia,23,25,1234,1,0
2023,6,2023-04-07,Turkey,Serbia,24,33,1235,1,0
2023,4,2023-04-08,Norway,Montenegro,27,23,1236,0,1
2023,6,2023-04-08,North Macedonia,Ukraine,22,24,1237,1,0
2023,6,2023-04-08,Italy,Slovenia,25,31,1238,1,0
2023,6,2023-04-08,Austria,Spain,28,28,1239,1,0
2023,6,2023-04-08,Iceland,Hungary,21,25,1240,1,0
2023,6,2023-04-08,Romania,Portugal,35,20,1241,1,0
2023,6,2023-04-08,Switzerland,Czech Republic,31,32,1242,1,0
2023,6,2023-04-09,Germany,Greece,39,13,1243,1,0
2023,4,2023-04-11,France,Brazil,23,18,1244,0,1
2023,4,2023-04-11,Denmark,Sweden,28,26,1245,0,1
2023,6,2023-04-11,Czech Republic,Switzerland,36,27,1246,1,0
2023,6,2023-04-11,Ukraine,North Macedonia,31,22,1247,1,0
2023,6,2023-04-12,Portugal,Romania,24,28,1248,1,0
2023,6,2023-04-12,Spain,Austria,26,24,1249,1,0
2023,6,2023-04-12,Kosovo,Poland,20,32,1250,1,0
2023,6,2023-04-12,Hungary,Iceland,34,28,1251,1,0
2023,6,2023-04-12,Croatia,Slovakia,31,18,1252,1,0
2023,6,2023-04-12,Serbia,Turkey,32,25,1253,1,0
2023,6,2023-04-12,Slovenia,Italy,33,21,1254,1,0
2023,6,2023-04-12,Greece,Germany,20,36,1255,1,0
2023,4,2023-07-22,Norway,France,18,30,1256,0,1
2023,4,2023-07-27,Romania,Spain,30,30,1257,0,1
2023,4,2023-07-29,Romania,Spain,30,25,1258,0,1
2024,5,2023-08-17,South Korea,India,53,14,1259,1,0
2024,5,2023-08-17,China,Kazakhstan,33,26,1260,1,0
2024,5,2023-08-18,South Korea,China,33,20,1261,1,0
2024,5,2023-08-18,India,Japan,17,54,1262,1,0
2024,5,2023-08-20,China,India,30,24,1263,1,0
2024,5,2023-08-20,Japan,Kazakhstan,50,28,1264,1,0
2024,5,2023-08-21,Kazakhstan,South Korea,24,45,1265,1,0
2024,5,2023-08-21,China,Japan,18,35,1266,1,0
2024,5,2023-08-23,Japan,South Korea,24,25,1267,1,0
2024,5,2023-08-23,Kazakhstan,India,34,26,1268,1,0
2024,3,2023-10-11,Iceland,Luxembourg,32,14,1269,1,0
2024,3,2023-10-11,France,Italy,50,16,1270,1,0
2024,3,2023-10-11,Spain,Lithuania,47,14,1271,1,0
2024,3,2023-10-11,Croatia,Greece,32,22,1272,1,0
2024,3,2023-10-11,Montenegro,Turkey,39,23,1273,1,0
2024,3,2023-10-11,North Macedonia,Azerbaijan,40,17,1274,1,0
2024,3,2023-10-11,Serbia,Bulgaria,40,16,1275,1,0
2024,3,2023-10-11,Czech Republic,Finland,31,21,1276,1,0
2024,3,2023-10-11,Slovenia,Latvia,51,13,1277,1,0
2024,3,2023-10-11,Romania,Bosnia & Herzegovina,49,18,1278,1,0
2024,5,2023-10-11,Angola,Senegal,22,21,1279,1,0
2024,5,2023-10-11,Cameroon,Congo,21,21,1280,1,0
2024,3,2023-10-12,Denmark,Kosovo,44,17,1281,1,0
2024,3,2023-10-12,Germany,Ukraine,31,24,1282,1,0
2024,3,2023-10-12,Netherlands,Portugal,38,27,1283,1,0
2024,3,2023-10-12,Sweden,Faroe Islands,37,20,1284,1,0
2023,4,2023-10-12,Poland,Argentina,34,26,1285,0,1
2024,5,2023-10-12,Congo,Angola,15,30,1286,1,0
2024,5,2023-10-12,Cameroon,Senegal,17,15,1287,1,0
2024,3,2023-10-14,Kosovo,Denmark,19,40,1288,1,0
2024,3,2023-10-14,Bosnia & Herzegovina,Croatia,17,31,1289,1,0
2024,3,2023-10-14,Greece,Romania,20,32,1290,1,0
2024,3,2023-10-14,Latvia,France,8,55,1291,1,0
2024,3,2023-10-14,Azerbaijan,Spain,18,38,1292,1,0
2024,3,2023-10-14,Finland,Netherlands,13,31,1293,1,0
2023,4,2023-10-14,Poland,Argentina,26,25,1294,0,1
2024,5,2023-10-14,Angola,Cameroon,27,21,1295,1,0
2024,5,2023-10-14,Senegal,Congo,26,21,1296,1,0
2024,3,2023-10-15,Italy,Slovenia,18,31,1297,1,0
2024,3,2023-10-15,Ukraine,Slovakia,25,20,1298,1,0
2024,3,2023-10-15,Turkey,Serbia,29,29,1299,1,0
2024,3,2023-10-15,Bulgaria,Montenegro,20,34,1300,1,0
2024,3,2023-10-15,Faroe Islands,Iceland,23,28,1301,1,0
2024,3,2023-10-15,Luxembourg,Sweden,17,39,1302,1,0
2024,3,2023-10-15,Portugal,Czech Republic,26,30,1303,1,0
2024,3,2023-10-15,Lithuania,North Macedonia,28,31,1304,1,0
2023,4,2023-11-05,Germany,Hungary,29,25,1305,0,1
2023,4,2023-11-23,Romania,Switzerland,33,28,1306,0,1
2023,4,2023-11-23,Austria,Portugal,32,20,1307,0,1
2023,4,2023-11-24,Sweden,Germany,30,33,1308,0,1
2023,4,2023-11-24,Spain,Japan,29,31,1309,0,1
2023,4,2023-11-24,Romania,Portugal,32,22,1310,0,1
2023,4,2023-11-24,Argentina,Serbia,18,28,1311,0,1
2023,4,2023-11-24,Switzerland,Austria,33,34,1312,0,1
2023,4,2023-11-25,Netherlands,Hungary,25,23,1313,0,1
2023,4,2023-11-25,Spain,Argentina,26,20,1314,0,1
2023,4,2023-11-25,Romania,Austria,41,35,1315,0,1
2023,4,2023-11-25,Denmark,Brazil,34,24,1316,0,1
2023,4,2023-11-25,Croatia,Congo,33,23,1317,0,1
2023,4,2023-11-25,Belarus,Russia,28,32,1318,0,1
2023,4,2023-11-25,Serbia,Japan,22,38,1319,0,1
2023,4,2023-11-25,Czech Republic,Slovakia,27,23,1320,0,1
2023,4,2023-11-25,Portugal,Switzerland,32,34,1321,0,1
2023,4,2023-11-26,Montenegro,Congo,33,26,1322,0,1
2023,4,2023-11-26,Sweden,Germany,30,23,1323,0,1
2023,4,2023-11-26,Denmark,Brazil,33,16,1324,0,1
2023,4,2023-11-26,Netherlands,Hungary,32,34,1325,0,1
2023,4,2023-11-26,Belarus,Russia,24,34,1326,0,1
2023,4,2023-11-26,Spain,Serbia,24,18,1327,0,1
2023,4,2023-11-26,Japan,Argentina,29,21,1328,0,1
2023,4,2023-11-27,Croatia,Montenegro,26,25,1329,0,1
2023,6,2023-11-29,Spain,Kazakhstan,34,17,1330,1,0
2023,6,2023-11-29,Brazil,Ukraine,35,20,1331,1,0
2023,6,2023-11-29,South Korea,Austria,29,30,1332,1,0
2023,6,2023-11-30,Czech Republic,Congo,32,22,1333,1,0
2023,6,2023-11-30,France,Angola,30,29,1334,1,0
2023,6,2023-11-30,Hungary,Paraguay,35,12,1335,1,0
2023,6,2023-11-30,Poland,Iran,35,15,1336,1,0
2023,6,2023-11-30,Germany,Japan,31,30,1337,1,0
2023,6,2023-11-30,Montenegro,Cameroon,25,11,1338,1,0
2023,6,2023-11-30,Netherlands,Argentina,41,26,1339,1,0
2023,6,2023-11-30,Slovenia,Iceland,30,24,1340,1,0
2023,6,2023-12-01,Austria,Norway,28,45,1341,1,0
2023,6,2023-12-01,Denmark,Serbia,25,21,1342,1,0
2023,6,2023-12-01,Spain,Ukraine,32,20,1343,1,0
2023,6,2023-12-01,Sweden,China,36,24,1344,1,0
2023,6,2023-12-01,Croatia,Senegal,22,22,1345,1,0
2023,6,2023-12-01,Kazakhstan,Brazil,15,46,1346,1,0
2023,6,2023-12-02,Hungary,Cameroon,39,20,1347,1,0
2023,6,2023-12-02,Poland,Japan,32,30,1348,1,0
2023,6,2023-12-02,Congo,Netherlands,20,40,1349,1,0
2023,6,2023-12-02,Iceland,France,22,31,1350,1,0
2023,6,2023-12-02,Iran,Germany,22,45,1351,1,0
2023,6,2023-12-02,Paraguay,Montenegro,26,41,1352,1,0
2023,6,2023-12-02,Czech Republic,Argentina,31,22,1353,1,0
2023,6,2023-12-02,Slovenia,Angola,30,24,1354,1,0
2023,6,2023-12-03,Norway,South Korea,33,23,1355,1,0
2023,6,2023-12-03,Brazil,Spain,25,27,1356,1,0
2023,6,2023-12-03,Romania,Serbia,37,28,1357,1,0
2023,6,2023-12-03,Senegal,Sweden,18,26,1358,1,0
2023,6,2023-12-03,Croatia,China,39,13,1359,1,0
2023,6,2023-12-03,Ukraine,Kazakhstan,37,24,1360,1,0
2023,6,2023-12-04,France,Slovenia,31,27,1361,1,0
2023,6,2023-12-04,Germany,Poland,33,17,1362,1,0
2023,6,2023-12-04,Montenegro,Hungary,24,18,1363,1,0
2023,6,2023-12-04,Netherlands,Czech Republic,33,20,1364,1,0
2023,6,2023-12-04,Angola,Iceland,26,26,1365,1,0
2023,6,2023-12-04,Argentina,Congo,31,26,1366,1,0
2023,6,2023-12-04,Cameroon,Paraguay,26,23,1367,1,0
2023,6,2023-12-04,Japan,Iran,42,10,1368,1,0
2023,6,2023-12-05,Denmark,Romania,39,23,1369,1,0
2023,6,2023-12-05,Sweden,Croatia,22,17,1370,1,0
2023,6,2023-12-05,China,Senegal,15,22,1371,1,0
2023,6,2023-12-06,Netherlands,Brazil,35,27,1372,1,0
2023,6,2023-12-06,Norway,Angola,37,19,1373,1,0
2023,6,2023-12-06,France,Austria,41,27,1374,1,0
2023,6,2023-12-06,Spain,Argentina,30,23,1375,1,0
2023,6,2023-12-06,South Korea,Slovenia,27,31,1376,1,0
2023,6,2023-12-06,Ukraine,Czech Republic,23,30,1377,1,0
2023,6,2023-12-06,Kazakhstan,Congo,36,37,1378,1,0
2023,6,2023-12-07,Denmark,Japan,26,27,1379,1,0
2023,6,2023-12-07,Sweden,Cameroon,37,13,1380,1,0
2023,6,2023-12-07,Germany,Romania,24,22,1381,1,0
2023,6,2023-12-07,Senegal,Hungary,20,30,1382,1,0
2023,6,2023-12-07,Montenegro,Croatia,25,26,1383,1,0
2023,6,2023-12-07,Serbia,Poland,21,22,1384,1,0
2023,6,2023-12-07,China,Paraguay,23,20,1385,1,0
2023,6,2023-12-08,Slovenia,Norway,21,34,1386,1,0
2023,6,2023-12-08,Ukraine,Netherlands,21,40,1387,1,0
2023,6,2023-12-08,Czech Republic,Spain,30,22,1388,1,0
2023,6,2023-12-08,South Korea,France,22,32,1389,1,0
2023,6,2023-12-08,Austria,Angola,25,30,1390,1,0
2023,6,2023-12-08,Brazil,Argentina,33,19,1391,1,0
2023,6,2023-12-09,Hungary,Sweden,22,26,1392,1,0
2023,6,2023-12-09,Poland,Denmark,22,32,1393,1,0
2023,6,2023-12-09,Croatia,Cameroon,24,15,1394,1,0
2023,6,2023-12-09,Serbia,Germany,21,31,1395,1,0
2023,6,2023-12-09,Paraguay,Iceland,19,25,1396,1,0
2023,6,2023-12-09,Romania,Japan,32,28,1397,1,0
2023,6,2023-12-09,Senegal,Montenegro,21,29,1398,1,0
2023,6,2023-12-09,Iran,Congo,20,32,1399,1,0
2023,6,2023-12-10,France,Norway,24,23,1400,1,0
2023,6,2023-12-10,Slovenia,Austria,32,27,1401,1,0
2023,6,2023-12-10,Netherlands,Spain,29,21,1402,1,0
2023,6,2023-12-10,Angola,South Korea,33,31,1403,1,0
2023,6,2023-12-10,Czech Republic,Brazil,27,30,1404,1,0
2023,6,2023-12-10,Argentina,Ukraine,25,20,1405,1,0
2023,6,2023-12-11,Germany,Denmark,28,30,1406,1,0
2023,6,2023-12-11,Montenegro,Sweden,25,32,1407,1,0
2023,6,2023-12-11,Hungary,Croatia,23,22,1408,1,0
2023,6,2023-12-11,Poland,Romania,26,27,1409,1,0
2023,6,2023-12-11,Iceland,China,30,23,1410,1,0
2023,6,2023-12-11,Cameroon,Senegal,20,22,1411,1,0
2023,6,2023-12-11,Japan,Serbia,22,20,1412,1,0
2023,6,2023-12-11,Iran,Kazakhstan,29,33,1413,1,0
2023,6,2023-12-12,Netherlands,Norway,23,30,1414,1,0
2023,6,2023-12-12,France,Czech Republic,33,22,1415,1,0
2023,6,2023-12-13,Denmark,Montenegro,26,24,1416,1,0
2023,6,2023-12-13,Iceland,Congo,30,28,1417,1,0
2023,6,2023-12-13,Sweden,Germany,27,20,1418,1,0
2023,6,2023-12-13,Paraguay,Kazakhstan,36,30,1419,1,0
2023,6,2023-12-15,Sweden,France,28,37,1420,1,0
2023,6,2023-12-15,Denmark,Norway,28,29,1421,1,0
2023,6,2023-12-15,Montenegro,Netherlands,25,28,1422,1,0
2023,6,2023-12-15,Germany,Czech Republic,32,26,1423,1,0
2023,6,2023-12-17,France,Norway,31,28,1424,1,0
2023,6,2023-12-17,Sweden,Denmark,27,28,1425,1,0
2023,6,2023-12-17,Germany,Netherlands,26,30,1426,1,0
2023,6,2023-12-17,Czech Republic,Montenegro,24,28,1427,1,0
2024,3,2024-02-28,Iceland,Sweden,24,37,1428,1,0
2024,3,2024-02-28,Czech Republic,Netherlands,29,30,1429,1,0
2024,3,2024-02-28,Bosnia & Herzegovina,Greece,22,24,1430,1,0
2024,3,2024-02-28,Poland,Denmark,22,26,1431,1,0
2024,3,2024-02-28,Luxembourg,Faroe Islands,16,34,1432,1,0
2024,3,2024-02-28,Slovakia,Israel,31,22,1433,1,0
2024,3,2024-02-28,Bulgaria,Turkey,24,30,1434,1,0
2024,3,2024-02-28,Romania,Croatia,26,24,1435,1,0
2024,3,2024-02-28,Azerbaijan,Lithuania,35,33,1436,1,0
2024,3,2024-02-29,Israel,Ukraine,27,28,1437,1,0
2024,3,2024-02-29,Latvia,Italy,14,32,1438,1,0
2024,3,2024-02-29,North Macedonia,Spain,19,31,1439,1,0
2024,3,2024-02-29,Serbia,Montenegro,30,31,1440,1,0
2024,3,2024-02-29,Slovakia,Germany,18,40,1441,1,0
2024,3,2024-02-29,Finland,Portugal,21,28,1442,1,0
2024,3,2024-02-29,Slovenia,France,20,35,1443,1,0
2024,3,2024-03-02,Ukraine,Israel,32,28,1444,1,0
2024,3,2024-03-02,Denmark,Poland,39,31,1445,1,0
2024,3,2024-03-02,Sweden,Iceland,37,23,1446,1,0
2024,3,2024-03-03,Portugal,Finland,38,22,1447,1,0
2024,3,2024-03-03,Italy,Latvia,43,8,1448,1,0
2024,3,2024-03-03,Germany,Slovakia,32,18,1449,1,0
2024,3,2024-03-03,Faroe Islands,Luxembourg,39,21,1450,1,0
2024,3,2024-03-03,Montenegro,Serbia,26,25,1451,1,0
2024,3,2024-03-03,Spain,North Macedonia,24,20,1452,1,0
2024,3,2024-03-03,Croatia,Romania,23,25,1453,1,0
2024,3,2024-03-03,France,Slovenia,41,22,1454,1,0
2024,3,2024-03-03,Greece,Bosnia & Herzegovina,27,23,1455,1,0
2024,3,2024-03-03,Lithuania,Azerbaijan,41,26,1456,1,0
2024,3,2024-03-03,Turkey,Bulgaria,38,13,1457,1,0
2024,3,2024-03-03,Netherlands,Czech Republic,42,25,1458,1,0
2024,3,2024-04-03,Faroe Islands,Sweden,27,31,1459,1,0
2024,3,2024-04-03,Luxembourg,Iceland,15,31,1460,1,0
2024,3,2024-04-03,Italy,France,13,36,1461,1,0
2024,3,2024-04-03,Lithuania,Spain,20,34,1462,1,0
2024,3,2024-04-03,Greece,Croatia,13,24,1463,1,0
2024,3,2024-04-03,Bulgaria,Serbia,17,35,1464,1,0
2024,3,2024-04-03,Azerbaijan,North Macedonia,22,37,1465,1,0
2024,3,2024-04-03,Turkey,Montenegro,28,30,1466,1,0
2024,3,2024-04-04,Bosnia & Herzegovina,Romania,16,37,1467,1,0
2024,3,2024-04-04,Portugal,Netherlands,25,36,1468,1,0
2024,3,2024-04-04,Ukraine,Germany,21,43,1469,1,0
2024,3,2024-04-04,Latvia,Slovenia,16,34,1470,1,0
2024,3,2024-04-04,Kosovo,Poland,27,34,1471,1,0
2024,3,2024-04-04,Finland,Czech Republic,23,43,1472,1,0
2024,3,2024-04-04,Israel,Slovakia,24,35,1473,1,0
2024,3,2024-04-06,Israel,Germany,12,35,1474,1,0
2024,4,2024-04-06,Tunisia,Senegal,25,23,1475,0,1
2024,4,2024-04-06,Denmark,Japan,33,19,1476,0,1
2024,3,2024-04-07,Croatia,Bosnia & Herzegovina,33,19,1477,1,0
2024,3,2024-04-07,Czech Republic,Portugal,25,22,1478,1,0
2024,3,2024-04-07,France,Latvia,53,9,1479,1,0
2024,3,2024-04-07,Germany,Israel,46,9,1480,1,0
2024,3,2024-04-07,Iceland,Faroe Islands,24,20,1481,1,0
2024,3,2024-04-07,Montenegro,Bulgaria,35,17,1482,1,0
2024,3,2024-04-07,Netherlands,Finland,35,22,1483,1,0
2024,3,2024-04-07,North Macedonia,Lithuania,34,24,1484,1,0
2024,3,2024-04-07,Poland,Kosovo,28,17,1485,1,0
2024,3,2024-04-07,Romania,Greece,31,24,1486,1,0
2024,3,2024-04-07,Serbia,Turkey,30,22,1487,1,0
2024,3,2024-04-07,Slovakia,Ukraine,25,25,1488,1,0
2024,3,2024-04-07,Slovenia,Italy,35,21,1489,1,0
2024,3,2024-04-07,Spain,Azerbaijan,42,16,1490,1,0
2024,3,2024-04-07,Sweden,Luxembourg,47,18,1491,1,0
2024,4,2024-04-07,Denmark,Japan,40,17,1492,0,1
2024,5,2024-04-11,Netherlands,Argentina,34,22,1493,1,0
2024,5,2024-04-11,Montenegro,Paraguay,30,25,1494,1,0
2024,5,2024-04-11,Czech Republic,Spain,21,31,1495,1,0
2024,5,2024-04-11,Sweden,Japan,35,28,1496,1,0
2024,5,2024-04-11,Germany,Slovenia,31,25,1497,1,0
2024,5,2024-04-11,Hungary,Great Britain,49,11,1498,1,0
2024,5,2024-04-12,Argentina,Spain,23,26,1499,1,0
2024,5,2024-04-12,Japan,Great Britain,43,16,1500,1,0
2024,5,2024-04-12,Netherlands,Czech Republic,32,18,1501,1,0
2024,5,2024-04-12,Sweden,Hungary,25,28,1502,1,0
2024,5,2024-04-13,Slovenia,Paraguay,32,14,1503,1,0
2024,5,2024-04-13,Germany,Montenegro,28,24,1504,1,0
2024,4,2024-04-14,France,Romania,30,28,1505,0,1
2024,4,2024-04-14,Poland,Brazil,26,22,1506,0,1
2024,5,2024-04-14,Hungary,Japan,37,28,1507,1,0
2024,5,2024-04-14,Spain,Netherlands,26,27,1508,1,0
2024,5,2024-04-14,Great Britain,Sweden,8,52,1509,1,0
2024,5,2024-04-14,Montenegro,Slovenia,26,30,1510,1,0
2024,5,2024-04-14,Czech Republic,Argentina,41,33,1511,1,0
2024,5,2024-04-14,Paraguay,Germany,20,37,1512,1,0
2024,4,2024-07-04,France,Norway,22,34,1513,0,1
2024,4,2024-07-05,Sweden,Netherlands,29,30,1514,0,1
2024,4,2024-07-06,France,Norway,25,19,1515,0,1
2024,4,2024-07-10,Spain,Angola,22,21,1516,0,1
2024,4,2024-07-12,Spain,South Korea,29,23,1517,0,1
2024,4,2024-07-13,France,Angola,33,20,1518,0,1
2024,4,2024-07-13,Germany,Brazil,31,36,1519,0,1
2024,4,2024-07-13,Hungary,Slovenia,28,27,1520,0,1
2024,4,2024-07-14,Spain,South Korea,24,19,1521,0,1
2024,4,2024-07-16,Norway,Denmark,26,24,1522,0,1
2024,4,2024-07-17,Slovenia,Brazil,23,29,1523,0,1
2024,4,2024-07-18,Denmark,Norway,24,35,1524,0,1
2024,4,2024-07-19,Germany,Hungary,30,29,1525,0,1
2024,4,2024-07-21,Germany,Brazil,27,20,1526,0,1
2024,5,2024-07-25,Norway,Sweden,28,32,1527,1,0
2024,5,2024-07-25,Hungary,France,28,31,1528,1,0
2024,5,2024-07-25,Germany,South Korea,22,23,1529,1,0
2024,5,2024-07-25,Spain,Brazil,18,29,1530,1,0
2024,5,2024-07-25,Netherlands,Angola,34,31,1531,1,0
2024,5,2024-07-25,Slovenia,Denmark,19,27,1532,1,0
2024,5,2024-07-28,France,Netherlands,32,28,1533,1,0
2024,5,2024-07-28,Angola,Spain,26,21,1534,1,0
2024,5,2024-07-28,Denmark,Norway,18,27,1535,1,0
2024,5,2024-07-28,Sweden,Germany,31,28,1536,1,0
2024,5,2024-07-28,South Korea,Slovenia,23,30,1537,1,0
2024,5,2024-07-28,Brazil,Hungary,24,25,1538,1,0
2024,5,2024-07-30,Sweden,Denmark,23,25,1539,1,0
2024,5,2024-07-30,France,Brazil,26,20,1540,1,0
2024,5,2024-07-30,Hungary,Angola,31,31,1541,1,0
2024,5,2024-07-30,Netherlands,Spain,29,24,1542,1,0
2024,5,2024-07-30,Norway,South Korea,26,20,1543,1,0
2024,5,2024-07-30,Germany,Slovenia,41,22,1544,1,0
2024,5,2024-08-01,Slovenia,Norway,22,29,1545,1,0
2024,5,2024-08-01,Germany,Denmark,27,28,1546,1,0
2024,5,2024-08-01,Angola,France,24,38,1547,1,0
2024,5,2024-08-01,Spain,Hungary,24,27,1548,1,0
2024,5,2024-08-01,South Korea,Sweden,21,27,1549,1,0
2024,5,2024-08-01,Netherlands,Brazil,31,24,1550,1,0
2024,5,2024-08-03,Denmark,South Korea,28,20,1551,1,0
2024,5,2024-08-03,Norway,Germany,30,18,1552,1,0
2024,5,2024-08-03,Slovenia,Sweden,23,27,1553,1,0
2024,5,2024-08-03,Brazil,Angola,30,19,1554,1,0
2024,5,2024-08-03,Spain,France,24,32,1555,1,0
2024,5,2024-08-03,Hungary,Netherlands,26,30,1556,1,0
2024,5,2024-08-06,Norway,Brazil,32,15,1557,1,0
2024,5,2024-08-06,Hungary,Sweden,32,36,1558,1,0
2024,5,2024-08-06,France,Germany,26,23,1559,1,0
2024,5,2024-08-06,Denmark,Netherlands,29,25,1560,1,0
2024,5,2024-08-08,Norway,Denmark,25,21,1561,1,0
2024,5,2024-08-08,Sweden,France,28,31,1562,1,0
2024,5,2024-08-10,Norway,France,29,21,1563,1,0
2024,5,2024-08-10,Denmark,Sweden,30,25,1564,1,0
2024,4,2024-09-26,Portugal,Congo,26,24,1565,0,1
2024,4,2024-09-26,Iceland,Poland,15,26,1566,0,1
2024,4,2024-09-27,Turkey,Brazil,25,30,1567,0,1
2024,4,2024-09-27,Netherlands,Serbia,40,27,1568,0,1
2024,4,2024-09-27,Czech Republic,Poland,25,28,1569,0,1
2024,4,2024-09-27,Slovakia,Faroe Islands,24,23,1570,0,1
2024,4,2024-09-28,Netherlands,Serbia,26,22,1571,0,1
2024,4,2024-09-28,Portugal,Brazil,24,23,1572,0,1
2024,4,2024-09-28,Hungary,Romania,37,28,1573,0,1
2024,4,2024-09-28,Austria,North Macedonia,31,25,1574,0,1
2024,4,2024-09-28,Czech Republic,Iceland,26,21,1575,0,1
2024,4,2024-09-28,Slovakia,Faroe Islands,23,30,1576,0,1
2024,4,2024-09-28,Croatia,Slovenia,18,25,1577,0,1
2024,4,2024-09-29,Portugal,Turkey,33,26,1578,0,1
2024,4,2024-09-29,Austria,North Macedonia,34,21,1579,0,1
2024,4,2024-10-24,France,Hungary,27,30,1580,0,1
2024,4,2024-10-24,Sweden,Spain,40,24,1581,0,1
2025,6,2024-10-24,Estonia,Finland,24,24,1582,1,0
2024,4,2024-10-25,Iceland,Poland,30,24,1583,0,1
2024,4,2024-10-25,Switzerland,Turkey,37,26,1584,0,1
2024,4,2024-10-25,Austria,Czech Republic,26,25,1585,0,1
2024,4,2024-10-25,Romania,North Macedonia,36,25,1586,0,1
2024,4,2024-10-25,Brazil,Slovakia,34,30,1587,0,1
2025,6,2024-10-25,Belgium,Kosovo,28,32,1588,1,0
2025,6,2024-10-25,Bulgaria,Italy,21,29,1589,1,0
2025,6,2024-10-25,Lithuania,Great Britain,37,23,1590,1,0
2025,6,2024-10-25,Israel,Estonia,29,22,1591,1,0
2024,4,2024-10-26,Brazil,Turkey,33,28,1592,0,1
2024,4,2024-10-26,Iceland,Poland,28,24,1593,0,1
2024,4,2024-10-26,France,Hungary,26,22,1594,0,1
2024,4,2024-10-26,Romania,Switzerland,27,36,1595,0,1
2024,4,2024-10-26,Sweden,Spain,41,28,1596,0,1
2024,4,2024-10-26,North Macedonia,Slovakia,27,29,1597,0,1
2025,6,2024-10-26,Kosovo,Bosnia & Herzegovina,32,26,1598,1,0
2025,6,2024-10-26,Luxembourg,Bulgaria,21,33,1599,1,0
2025,6,2024-10-26,Finland,Israel,18,26,1600,1,0
2025,6,2024-10-26,Great Britain,Greece,17,20,1601,1,0
2024,4,2024-10-27,Romania,Brazil,31,34,1602,0,1
2024,4,2024-10-27,Turkey,Slovakia,31,36,1603,0,1
2024,4,2024-10-27,Switzerland,North Macedonia,27,22,1604,0,1
2025,6,2024-10-27,Italy,Luxembourg,39,20,1605,1,0
2025,6,2024-10-27,Bosnia & Herzegovina,Belgium,27,28,1606,1,0
2025,6,2024-10-27,Greece,Lithuania,24,25,1607,1,0
2024,4,2024-11-22,Switzerland,Iceland,30,29,1608,0,1
2024,4,2024-11-22,Hungary,Slovakia,38,31,1609,0,1
2024,4,2024-11-22,Croatia,North Macedonia,26,18,1610,0,1
2024,4,2024-11-23,Slovakia,Ukraine,30,27,1611,0,1
2024,4,2024-11-23,Sweden,Poland,38,22,1612,0,1
2024,4,2024-11-24,Hungary,Ukraine,38,19,1613,0,1
2024,4,2024-11-24,Austria,Germany,26,28,1614,0,1
2024,4,2024-11-24,Sweden,Poland,28,27,1615,0,1
2024,1,2024-11-27,Congo,Egypt,23,27,1616,1,0
2024,1,2024-11-27,Angola,Tunisia,36,23,1617,1,0
2024,1,2024-11-28,D.R. Congo,Cameroon,23,25,1618,1,0
2024,3,2024-11-28,France,Poland,35,22,1619,1,0
2024,3,2024-11-28,Norway,Slovenia,33,26,1620,1,0
2024,3,2024-11-28,Sweden,North Macedonia,28,18,1621,1,0
2024,3,2024-11-28,Austria,Slovakia,37,24,1622,1,0
2024,3,2024-11-28,Hungary,Turkey,30,24,1623,1,0
2024,3,2024-11-28,Spain,Portugal,30,24,1624,1,0
2024,3,2024-11-29,Denmark,Croatia,34,26,1625,1,0
2024,3,2024-11-29,Germany,Ukraine,30,17,1626,1,0
2024,3,2024-11-29,Montenegro,Serbia,24,18,1627,1,0
2024,3,2024-11-29,Netherlands,Iceland,27,25,1628,1,0
2024,3,2024-11-29,Romania,Czech Republic,29,28,1629,1,0
2024,3,2024-11-29,Switzerland,Faroe Islands,28,25,1630,1,0
2024,1,2024-11-30,Tunisia,D.R. Congo,23,25,1631,1,0
2024,1,2024-11-30,Egypt,Senegal,16,21,1632,1,0
2024,3,2024-11-30,North Macedonia,Turkey,25,25,1633,1,0
2024,3,2024-11-30,Slovenia,Slovakia,37,24,1634,1,0
2024,3,2024-11-30,France,Spain,24,22,1635,1,0
2024,3,2024-11-30,Norway,Austria,38,24,1636,1,0
2024,3,2024-11-30,Sweden,Hungary,25,32,1637,1,0
2024,3,2024-11-30,Poland,Portugal,22,21,1638,1,0
2024,1,2024-12-01,Cameroon,Angola,14,31,1639,1,0
2024,3,2024-12-01,Iceland,Ukraine,27,24,1640,1,0
2024,3,2024-12-01,Serbia,Czech Republic,24,27,1641,1,0
2024,3,2024-12-01,Denmark,Switzerland,35,30,1642,1,0
2024,3,2024-12-01,Montenegro,Romania,27,25,1643,1,0
2024,3,2024-12-01,Netherlands,Germany,29,22,1644,1,0
2024,3,2024-12-01,Croatia,Faroe Islands,17,17,1645,1,0
2024,3,2024-12-02,Portugal,France,16,28,1646,1,0
2024,3,2024-12-02,Slovakia,Norway,15,38,1647,1,0
2024,3,2024-12-02,Turkey,Sweden,19,47,1648,1,0
2024,3,2024-12-02,North Macedonia,Hungary,19,29,1649,1,0
2024,3,2024-12-02,Poland,Spain,26,23,1650,1,0
2024,3,2024-12-02,Slovenia,Austria,25,24,1651,1,0
2024,1,2024-12-03,D.R. Congo,Angola,15,40,1652,1,0
2024,1,2024-12-03,Congo,Senegal,25,17,1653,1,0
2024,1,2024-12-03,Tunisia,Cameroon,20,21,1654,1,0
2024,2,2024-12-03,India,Hong Kong,31,28,1655,1,0
2024,2,2024-12-03,Japan,Iran,34,14,1656,1,0
2024,2,2024-12-03,China,Kazakhstan,26,28,1657,1,0
2024,3,2024-12-03,Croatia,Switzerland,22,26,1658,1,0
2024,3,2024-12-03,Czech Republic,Montenegro,21,28,1659,1,0
2024,3,2024-12-03,Iceland,Germany,19,30,1660,1,0
2024,3,2024-12-03,Faroe Islands,Denmark,24,33,1661,1,0
2024,3,2024-12-03,Serbia,Romania,25,27,1662,1,0
2024,3,2024-12-03,Ukraine,Netherlands,23,43,1663,1,0
2024,1,2024-12-04,Egypt,D.R. Congo,23,22,1664,1,0
2024,1,2024-12-04,Cameroon,Senegal,19,26,1665,1,0
2024,1,2024-12-04,Congo,Tunisia,24,28,1666,1,0
2024,2,2024-12-04,Iran,India,32,30,1667,1,0
2024,2,2024-12-04,Kazakhstan,South Korea,20,30,1668,1,0
2024,2,2024-12-04,Hong Kong,Japan,6,47,1669,1,0
2024,1,2024-12-05,Congo,Cameroon,19,17,1670,1,0
2024,3,2024-12-05,Denmark,Norway,24,27,1671,1,0
2024,3,2024-12-05,Hungary,Montenegro,26,20,1672,1,0
2024,3,2024-12-05,France,Romania,30,25,1673,1,0
2024,3,2024-12-05,Netherlands,Slovenia,26,22,1674,1,0
2024,3,2024-12-05,Sweden,Poland,33,25,1675,1,0
2024,3,2024-12-05,Switzerland,Germany,27,36,1676,1,0
2024,1,2024-12-06,Egypt,Angola,22,36,1677,1,0
2024,1,2024-12-06,Tunisia,Senegal,18,26,1678,1,0
2024,1,2024-12-06,Congo,D.R. Congo,28,30,1679,1,0
2024,2,2024-12-06,India,Japan,15,48,1680,1,0
2024,2,2024-12-06,South Korea,China,25,14,1681,1,0
2024,2,2024-12-06,Iran,Hong Kong,26,17,1682,1,0
2024,3,2024-12-06,Hungary,Poland,31,21,1683,1,0
2024,3,2024-12-06,France,Montenegro,31,23,1684,1,0
2024,3,2024-12-06,Sweden,Romania,23,25,1685,1,0
2024,1,2024-12-07,Senegal,Angola,18,27,1686,1,0
2024,1,2024-12-07,Tunisia,Egypt,25,22,1687,1,0
2024,3,2024-12-07,Netherlands,Norway,21,31,1688,1,0
2024,3,2024-12-07,Denmark,Germany,30,22,1689,1,0
2024,3,2024-12-07,Switzerland,Slovenia,25,34,1690,1,0
2024,2,2024-12-08,Japan,Kazakhstan,30,23,1691,1,0
2024,2,2024-12-08,South Korea,Iran,33,20,1692,1,0
2024,2,2024-12-08,China,Hong Kong,38,14,1693,1,0
2024,3,2024-12-08,Sweden,France,27,31,1694,1,0
2024,3,2024-12-08,Hungary,Romania,37,29,1695,1,0
2024,3,2024-12-08,Montenegro,Poland,30,28,1696,1,0
2024,3,2024-12-09,Denmark,Slovenia,33,26,1697,1,0
2024,3,2024-12-09,Norway,Germany,32,27,1698,1,0
2024,3,2024-12-09,Switzerland,Netherlands,29,37,1699,1,0
2024,2,2024-12-10,South Korea,Japan,24,25,1700,1,0
2024,2,2024-12-10,Iran,Kazakhstan,22,28,1701,1,0
2024,2,2024-12-10,China,India,41,30,1702,1,0
2024,3,2024-12-10,Sweden,Montenegro,25,24,1703,1,0
2024,3,2024-12-10,Hungary,France,27,30,1704,1,0
2024,3,2024-12-10,Romania,Poland,24,29,1705,1,0
2024,3,2024-12-11,Switzerland,Norway,24,40,1706,1,0
2024,3,2024-12-11,Denmark,Netherlands,30,26,1707,1,0
2024,3,2024-12-11,Slovenia,Germany,16,35,1708,1,0
2024,3,2024-12-13,France,Denmark,22,24,1709,1,0
2024,3,2024-12-13,Hungary,Norway,22,30,1710,1,0
2024,3,2024-12-13,Sweden,Netherlands,33,32,1711,1,0
2024,3,2024-12-15,Denmark,Norway,23,31,1712,1,0
2024,3,2024-12-15,France,Hungary,24,25,1713,1,0
2025,4,2025-03-06,Spain,Argentina,28,25,1714,0,1
2025,4,2025-03-06,Sweden,Romania,36,28,1715,0,1
2025,4,2025-03-06,Germany,France,25,28,1716,0,1
2025,4,2025-03-08,Spain,Austria,32,25,1717,0,1
2025,4,2025-03-08,France,Germany,30,29,1718,0,1
2025,4,2025-03-08,Sweden,Romania,26,25,1719,0,1
2025,4,2025-03-08,Hungary,Ukraine,35,16,1720,0,1
2025,4,2025-04-09,Germany,Denmark,31,33,1721,0,1
2025,6,2025-04-09,Iceland,Israel,39,27,1722,1,0
2025,6,2025-04-09,Poland,North Macedonia,22,18,1723,1,0
2025,6,2025-04-09,Faroe Islands,Lithuania,36,26,1724,1,0
2025,6,2025-04-09,Portugal,Montenegro,19,31,1725,1,0
2025,6,2025-04-09,Switzerland,Slovakia,38,22,1726,1,0
2025,6,2025-04-09,Italy,Romania,21,30,1727,1,0
2025,6,2025-04-09,Slovenia,Serbia,29,29,1728,1,0
2025,4,2025-04-10,France,Netherlands,31,25,1729,0,1
2025,4,2025-04-10,Hungary,Brazil,31,27,1730,0,1
2025,6,2025-04-10,Israel,Iceland,21,31,1731,1,0
2025,6,2025-04-10,Sweden,Kosovo,51,16,1732,1,0
2025,6,2025-04-10,Austria,Turkey,36,29,1733,1,0
2025,6,2025-04-10,Croatia,Spain,27,26,1734,1,0
2025,6,2025-04-10,Czech Republic,Ukraine,35,19,1735,1,0
2025,4,2025-04-11,Russia,Belarus,29,21,1736,0,1
2025,4,2025-04-12,France,Netherlands,31,28,1737,0,1
2025,4,2025-04-12,Denmark,Germany,26,29,1738,0,1
2025,6,2025-04-12,North Macedonia,Poland,21,23,1739,1,0
2025,6,2025-04-12,Montenegro,Portugal,30,26,1740,1,0
2025,6,2025-04-13,Romania,Italy,31,18,1741,1,0
2025,6,2025-04-13,Serbia,Slovenia,33,31,1742,1,0
2025,6,2025-04-13,Turkey,Austria,25,30,1743,1,0
2025,6,2025-04-13,Ukraine,Czech Republic,27,26,1744,1,0
2025,6,2025-04-13,Kosovo,Sweden,24,43,1745,1,0
2025,6,2025-04-13,Slovakia,Switzerland,24,30,1746,1,0
2025,6,2025-04-13,Lithuania,Faroe Islands,30,29,1747,1,0
2025,6,2025-04-13,Spain,Croatia,23,17,1748,1,0
2025,4,2025-09-18,North Macedonia,Tunisia,34,27,1749,0,1
2025,4,2025-09-18,Slovakia,Spain,25,33,1750,0,1
2025,4,2025-09-18,Greece,Egypt,25,22,1751,0,1
2025,4,2025-09-18,Romania,France,27,32,1752,0,1
2025,4,2025-09-19,North Macedonia,Egypt,18,19,1753,0,1
2025,4,2025-09-19,Czech Republic,Croatia,26,25,1754,0,1
2025,4,2025-09-19,Tunisia,Greece,26,26,1755,0,1
2025,4,2025-09-19,Norway,Turkey,42,10,1756,0,1
2025,4,2025-09-20,Croatia,Norway,18,31,1757,0,1
2025,4,2025-09-20,Slovakia,Spain,21,31,1758,0,1
2025,4,2025-09-20,Poland,Serbia,30,26,1759,0,1
2025,4,2025-09-20,Turkey,Czech Republic,25,32,1760,0,1
2025,4,2025-09-20,Denmark,Iceland,39,23,1761,0,1
2025,4,2025-09-20,Hungary,Sweden,34,32,1762,0,1
2025,4,2025-09-20,Egypt,Tunisia,24,25,1763,0,1
2025,4,2025-09-20,Romania,France,24,30,1764,0,1
2025,4,2025-09-21,Czech Republic,Norway,15,37,1765,0,1
2025,4,2025-09-21,Croatia,Turkey,36,29,1766,0,1
2025,4,2025-11-20,Denmark,Sweden,35,23,1767,0,1
2025,4,2025-11-21,Croatia,Senegal,27,29,1768,0,1
2025,4,2025-11-22,Poland,Senegal,27,27,1769,0,1
2025,4,2025-11-22,Romania,Czech Republic,37,30,1770,0,1
2025,4,2025-11-22,Sweden,Denmark,35,36,1771,0,1
2025,4,2025-11-22,Germany,Switzerland,35,32,1772,0,1
2025,4,2025-11-23,Croatia,Poland,22,27,1773,0,1
2025,4,2025-11-23,Romania,Austria,37,28,1774,0,1
2025,4,2025-11-23,Czech Republic,Portugal,29,41,1775,0,1
2025,6,2025-11-26,Montenegro,Faroe Islands,32,27,1776,1,0
2025,6,2025-11-26,Serbia,Uruguay,31,19,1777,1,0
2025,6,2025-11-26,Germany,Iceland,32,25,1778,1,0
2025,6,2025-11-26,Spain,Paraguay,26,17,1779,1,0
